Nombre,Apellidos,Numero_Identificacion,Fecha de Nacimiento,Fecha de Jubilación,Bases de Cotización,Años Cotizados,Comunidad Autónoma,Invalidez,Base Reguladora,Total Meses Cotizados,Pensión,Pensión Final
Michael,Bowers,5e664f5664dabbcb3c72f6a0bc7770a9771ce53f2d6afdde3f74f62fefe7d932,1952-08-24,2023-01-17,582161.07,35 años 4 meses,Cantabria,True,1663.32,244.00,1638.04,1938.04
Martha,Bass,b009fe4f6eaa3cc7cba81e310be73e27127265b781a3b3b1f81d25905bb87c13,1947-12-07,2023-12-03,614729.93,29 años 6 meses,La Rioja,True,1756.37,174.00,1496.08,1796.08
Steven,Malone,a95788a7964da6a63e3cbb1729d321cbe7d50fd72f7972efc298d7829045559f,1957-11-29,2023-01-12,610295.64,42 años 9 meses,Madrid,False,1743.70,333.00,1743.70,1743.70
Tracy,Oliver,424a70e35540df206e406f18fb3ed8449b90fab35c49410caa1bb08370660da5,1952-01-24,2023-05-02,609355.99,25 años 5 meses,Aragón,True,1741.02,125.00,1320.91,1620.91
Steven,Reed,5ea861b9d7897321a0357b29fd2f5ae8e7b52b52f83028d12e265d23880ce3e7,1952-09-26,2023-03-11,592729.49,36 años 4 meses,Castilla y León,True,1693.51,256.00,1693.51,1993.51
Tonya,Weaver,2d8005dfa12e57dbfa76f8d70f813d41eca0edee7b645316fc78536207f2f83c,1955-04-13,2023-09-14,491994.24,18 años 4 meses,Galicia,False,1405.70,40.00,820.93,820.93
Carmen,Bailey,fca4ba6b3c6b3d65e29181088b12e2af65d569e09e4c9136781ee690b3823446,1951-05-30,2023-04-07,442683.69,15 años 2 meses,Cantabria,True,1264.81,2.00,637.72,937.72
Sarah,Roth,789f83d635eb45e0ed92cbc77e514b718e1b20c30c4c9a06b722d93c26ef91da,1955-06-24,2023-09-01,425861.44,15 años 5 meses,Navarra,False,1216.75,5.00,621.15,621.15
Teresa,Richmond,40a889d2d857933e6535c90278d4ad18e32cdf5d5836be2b04fc41821ec79d3e,1958-06-17,2023-06-18,599885.37,39 años 11 meses,Aragón,False,1713.96,299.00,1713.96,1713.96
Haley,Thomas,3b2368d7d52a1edca633a128dbcf41ea88bec5f5a86c31f8450abd2af6db5942,1958-03-21,2023-08-01,604980.41,43 años 11 meses,Asturias,False,1728.52,347.00,1728.52,1728.52
Crystal,Collins,74c5cc406976ce8ab09426f6d5d3f40a26cf185885fcb180223bd94a86797eea,1958-07-02,2023-07-26,592655.96,39 años 5 meses,Galicia,True,1693.30,293.00,1693.30,1993.30
Christy,Holloway,c10ff9b266feee5480cf3f575b8fe467c1e0a7ca2e4a9ad45a875de89b98f074,1951-09-16,2023-02-04,605624.40,27 años 6 meses,Comunidad Valenciana,True,1730.36,150.00,1395.02,1695.02
Dwayne,Watson,2b90a4bd208b473ceed6f4d29eca334c1f3814c132701a3cd89c5738d5075c99,1958-01-10,2023-07-19,587234.62,43 años 4 meses,Comunidad Valenciana,False,1677.81,340.00,1677.81,1677.81
Carol,Schneider,23f58eb0b79620cbde15fae4d91bdbebd437cf986c576c1d8e83e8763afc167f,1958-07-29,2023-01-23,605626.62,43 años 2 meses,Murcia,False,1730.36,338.00,1730.36,1730.36
Leslie,Hudson,2a854bd07a9e10d97970619018e6d05c1746f6650ae76d6e828593dc06766a79,1953-03-25,2023-08-15,617020.47,36 años 7 meses,Cantabria,False,1762.92,259.00,1762.92,1762.92
Brandon,Erickson,7a95b214b866c37b5f26081c0ebfc38b1529413c3fa57c65bb40a1dcd5ba131a,1956-03-01,2023-06-24,440773.29,15 años 1 meses,Galicia,False,1259.35,1.00,632.32,632.32
Ashlee,Morales,e8702b07bcfe85be88c0dbea6f9c8d4b93271fb0cc2726bc46c0aae31641561d,1956-01-11,2023-04-22,489311.17,17 años 3 meses,Cataluña,True,1398.03,27.00,778.28,1078.28
Tamara,Harris,a9b460a58510506bd1d2eb46bb7bb378a7f0f071c81e784c5c753d079a875980,1950-03-13,2023-02-28,558586.43,22 años 6 meses,Galicia,True,1595.96,90.00,1099.62,1399.62
Scott,Shelton,108dadf8db9239e73d8e5ff7372fbe6c53bce244f400e67e580a062685d28b5a,1948-12-25,2023-02-13,568782.88,23 años 4 meses,Galicia,True,1625.09,100.00,1153.81,1453.81
Renee,Young,15959e54c2e6602374abc0dfb2d312841f1a0ffc0ac85e1fc663e17ccc896138,1952-09-20,2023-04-10,597591.32,35 años 4 meses,Castilla y León,False,1707.40,244.00,1681.45,1681.45
Steven,Brown,2920afdcff20a79dd9c5c3d848bf82863bee1cb7adc248dde9f23b425b380266,1949-07-19,2023-01-23,613845.14,25 años 8 meses,País Vasco,False,1753.84,128.00,1340.63,1340.63
Paula,Branch,7f43eab10b563af390add69a400ba1d120da4351509fc922c7d3c221ef71578a,1949-03-25,2023-09-14,483604.29,18 años 2 meses,Andalucía,False,1381.73,38.00,801.13,801.13
Jonathan,Ryan,e5d930825beffe89afd4105801c1319bcd90c6e1f76eb5f08f713d0a12302865,1952-11-09,2023-07-03,562965.54,24 años 8 meses,País Vasco,True,1608.47,116.00,1192.85,1492.85
Nathan,Montes,d69be1f178dd6f7fc34265097d6e32337d76e96fe39253fccc6782627b6bd220,1958-04-26,2023-03-10,597380.22,44 años 9 meses,Comunidad Valenciana,False,1706.80,357.00,1706.80,1706.80
Christopher,Richards,b480409e972069f73db436c7c53d0b18e5b3df2812b19831a3ca99237cc0c527,1958-07-30,2023-07-13,600109.92,39 años 2 meses,Madrid,True,1714.60,290.00,1714.60,2014.60
Faith,Campbell,237a2de5ae791c6a6099a36f2ac4cc2d2b653bff3b89872654f2856230685efa,1955-08-05,2023-07-09,598063.10,30 años 9 meses,La Rioja,False,1708.75,189.00,1504.21,1504.21
Anthony,Gutierrez,2d65c22fee5509b94e24368be13b5a6ad2cf1a381a35f4b39ff458d0e9f0395e,1958-08-09,2023-07-20,599882.99,43 años 1 meses,Canarias,True,1713.95,337.00,1713.95,2013.95
Lisa,Ware,0c51bd48d0ae1879fb47c7f902cdd3d3747c078a57b2a70430e0509ae15c8bb5,1958-04-16,2023-09-23,612445.79,37 años 10 meses,Castilla-La Mancha,False,1749.85,274.00,1749.85,1749.85
Robert,Newton,05d2433432e80b76c767b7c676392dadafa852910a3bd4c22ebb93d61c4f17cf,1954-02-17,2023-03-06,500558.86,19 años 7 meses,Galicia,True,1430.17,55.00,880.27,1180.27
Kelli,Hunter,c807b64c38f079f97aafd30634e7aec7f505d4a6f31cd79d637b2ad2f4133c52,1950-01-03,2023-04-03,603379.30,31 años 9 meses,Galicia,False,1723.94,201.00,1556.89,1556.89
Colin,Cardenas,7075783cc9d1c96216b28f78a94bc6dd707075300f8868e682cd543680958bbd,1954-12-01,2023-02-24,555458.87,23 años 8 meses,Madrid,False,1587.03,104.00,1140.12,1140.12
Edwin,Blackwell,30047148e8c0432fa9e2cec4985b231507e3399bec4da4f3fc920c78169de7af,1954-09-11,2023-11-08,542360.53,21 años 2 meses,Navarra,True,1549.60,74.00,1015.61,1315.61
Erin,Smith,43aa76f5ff5d6ffdbbcb0c226d2d62e1df65c790ca4ac42542993e2674652a91,1952-01-20,2023-06-22,589725.99,25 años 8 meses,Castilla y León,False,1684.93,128.00,1287.97,1287.97
Jessica,Sampson,cfe6d9425f0a3ea27a8ec3f0d4e51712d7ca52ae94bf5aa905039e696d444ee6,1955-01-08,2023-09-11,612613.65,26 años 6 meses,Castilla-La Mancha,True,1750.32,138.00,1371.20,1671.20
Christopher,Myers,801c015314ba86c403458dfa8742d37d389766c6e48b8e9fccc29f1cc1a93c91,1958-04-23,2023-12-16,616199.09,40 años 7 meses,Andalucía,False,1760.57,307.00,1760.57,1760.57
Sara,Gonzalez,ff3a065bb1eea5762a4ec2f36f7974c8548a212a646cc529907e835a199ca934,1957-12-29,2023-11-15,603211.64,42 años 9 meses,Andalucía,False,1723.46,333.00,1723.46,1723.46
David,Novak,17184b86eac5405e4755541f5d032e00d23d2c411b742a82efa975414339c461,1957-12-27,2023-02-20,591720.66,38 años 4 meses,Aragón,True,1690.63,280.00,1690.63,1990.63
Holly,Cox,b4b40b01944e24cdba1f25e221e6a2f442caf967911f13154b6e01666457e3dd,1955-02-21,2023-10-05,580761.15,24 años 11 meses,Navarra,True,1659.32,119.00,1240.01,1540.01
Tammy,Taylor,41ad6f9b739e4c39326686b68b2be46bb5814e983350b41f96ebe84fa794f7a0,1949-04-06,2023-11-16,604339.42,30 años 1 meses,La Rioja,False,1726.68,181.00,1493.75,1493.75
Ronald,Crawford,a208069d3283b10798b447befdd9dfce25b5f86fb5e3c8a17fd1f50b33d563c0,1950-12-02,2023-10-27,595544.21,36 años 11 meses,Aragón,True,1701.55,263.00,1701.55,2001.55
Jessica,Martin,a57eb2399363d9d06594f9d2e0e741302f887888bcc64026287cfb802cd14a01,1955-06-25,2023-09-05,584944.09,31 años 0 meses,Extremadura,False,1671.27,192.00,1480.74,1480.74
Tonya,Anthony,62b31c1b6ab8c535b9d8aa6e8d5637d8f26c1e6ea6204a760f7430b4c7ed5d4b,1958-07-21,2023-03-24,593409.31,45 años 1 meses,La Rioja,True,1695.46,361.00,1695.46,1995.46
Anita,Jackson,7eaf77eb8caad9fb27725c4c0f1f88e6475df5f56ef79f562330bc7797b99852,1947-11-22,2023-09-21,559309.06,22 años 1 meses,Cataluña,False,1598.03,85.00,1084.26,1084.26
Vincent,Foster,19e3855465ec93991954d2bc3a231f253eec21cd625293ebed4ea64579be64af,1958-10-24,2023-04-26,586849.19,42 años 8 meses,Asturias,True,1676.71,332.00,1676.71,1976.71
Kellie,Holt,ab8d2b05554e831207a05d9d310b2fb40117db11e70f54c37222957a8b4aa0af,1954-07-30,2023-12-09,517159.44,20 años 6 meses,Galicia,False,1477.60,66.00,943.60,943.60
James,Sexton,0faf7ad531e019dccf8ff2a009f365d05220054c18a0047a0b46a1d1afbd369a,1951-08-15,2023-02-08,611622.65,26 años 1 meses,Extremadura,False,1747.49,133.00,1352.39,1352.39
Sandra,Hughes,501278efa467b6d6576e234136af7300ff0e928d3d9977eb5c575debccd90f34,1952-09-19,2023-12-16,612073.97,35 años 9 meses,Andalucía,True,1748.78,249.00,1738.81,2038.81
Elijah,Cochran,d70163acbbbc773cf42c29d67b8b73ca3b4ad6d48c4c47bb19c4bf8ef2f760d4,1953-02-12,2023-07-03,521680.85,20 años 5 meses,Andalucía,True,1490.52,65.00,948.72,1248.72
Anthony,Kirby,fba8be5895fb161b05f75ca3ad71df4a0ac507f3f8ebbb4a470a50d54db86c1b,1952-10-05,2023-01-05,599657.17,31 años 3 meses,Navarra,True,1713.31,195.00,1527.75,1827.75
Andrea,Tyler,88709105cdea350edbf1e4b19ad73c9477689c21f122f17adb493d0e1e3b497d,1948-04-11,2023-11-21,612236.12,28 años 4 meses,Navarra,False,1749.25,160.00,1443.48,1443.48
Willie,Myers,77f5475061ee8e5212e87402f764670f6a9877c98ee10fc1c6a103b047abc4fc,1958-04-05,2023-04-23,602570.73,38 años 8 meses,Madrid,True,1721.63,284.00,1721.63,2021.63
Jason,Hall,24122775b15763fe65643d4cadd9c4c1841101fa22b81ee116b3e2e3dd8b4d59,1951-05-27,2023-12-13,572750.84,23 años 4 meses,Aragón,False,1636.43,100.00,1161.87,1161.87
Clinton,Garcia,6731146292e6cdd80cb7243f394c8edabac57e0254d8305dce45a377dc7110da,1958-08-29,2023-04-17,620003.57,39 años 3 meses,Cantabria,True,1771.44,291.00,1771.44,2071.44
Shelley,Ray,18f326643a4f557710d89646fbaf4a10448ef4585c961df6c1954dfb8adb8173,1958-09-14,2023-06-27,605861.74,41 años 8 meses,Cataluña,True,1731.03,320.00,1731.03,2031.03
Matthew,Terrell,3b6d0ed5f40654e0c87b23e4e69e1358d2ef23a9f61a6628436a284c0d81d89c,1955-04-20,2023-06-11,587051.38,32 años 4 meses,Andalucía,True,1677.29,208.00,1537.07,1837.07
Cassandra,Ewing,abd3953712996fcbba28f47e07017aef97b2905492551a65e5f3bca310b9959d,1958-07-28,2023-01-05,608507.39,43 años 11 meses,Murcia,False,1738.59,347.00,1738.59,1738.59
Michael,Hall,3556228aa1bd1764b53d7c25c1c7e250259caf66431b656736e549ed3dbd9fcf,1956-04-26,2023-11-07,613453.89,26 años 7 meses,Galicia,False,1752.73,139.00,1376.43,1376.43
John,Le,a8b17e44bb253da2b6af2a817ddfc15a8638b0050422be0f113c7855183caf74,1958-01-17,2023-11-10,618859.68,44 años 9 meses,Extremadura,True,1768.17,357.00,1768.17,2068.17
Brent,Dennis,3d9ee618f08936e9f9bd072b014cd385efda06eee25a29e4bd23968e4c56c13e,1954-10-27,2023-12-01,538750.18,21 años 6 meses,Extremadura,False,1539.29,78.00,1021.78,1021.78
Annette,Taylor,91503cb74a07b190e94858058ac72d6e9a188dd9e5f869a4d3d6ad5d1c20bd0c,1957-12-08,2023-03-01,604279.70,40 años 3 meses,Aragón,False,1726.51,303.00,1726.51,1726.51
Dustin,Scott,92b84ccef28a0a306257ace7b45a86d92722ed823a77ded6e7ceb93def86f0b2,1957-04-28,2023-01-08,510436.00,19 años 9 meses,Madrid,False,1458.39,57.00,903.76,903.76
Matthew,Sosa,9ed7d9ed2c8ba71b7132602c02eae5e7ba9ac5f106a0c2e8ab5d335ed0fa4c03,1951-08-10,2023-12-28,545436.37,21 años 11 meses,Comunidad Valenciana,True,1558.39,83.00,1050.82,1350.82
Mary,Turner,b854c5a734fc54cd193b00b0ec62ce96da7a0cdb8fe3ec1cad74af55791ac2e3,1954-03-07,2023-10-05,588653.93,23 años 2 meses,Comunidad Valenciana,False,1681.87,98.00,1187.06,1187.06
Debra,Trujillo,f0e7eddf63a0d529fdf8ce20bccfc33297f2af728ec837ff2fd6ed45913cad30,1955-04-12,2023-09-17,599059.78,31 años 11 meses,Asturias,False,1711.60,203.00,1552.25,1552.25
Brandon,Yoder,4205a1693b32873694b976b171b019f05b53339cd9eae02d1f70a8822b896d43,1956-06-23,2023-12-04,534310.15,20 años 5 meses,Murcia,False,1526.60,65.00,971.68,971.68
Zachary,Hansen,4c8627aef1ba8dd386a9975782bafb0d8474dff58c5462c66a916f74164ac7a3,1955-08-11,2023-07-02,517509.71,20 años 4 meses,La Rioja,False,1478.60,64.00,938.02,938.02
Anne,Johnson,49ef30b662e5b0ca2dcdc53247e04eac7783d25394ba9cdb29ee7ba46c384a98,1958-04-03,2023-05-22,595583.22,41 años 3 meses,La Rioja,False,1701.67,315.00,1701.67,1701.67
Yvonne,Brewer,1c41b677063cc3ad1450c160048f3adbb1928ff36c6430043735e0465cd53cda,1958-07-18,2023-01-08,588456.14,42 años 6 meses,Navarra,True,1681.30,330.00,1681.30,1981.30
Cheyenne,Harrell,50e817b77f29e717b5b5c8ce7eb320009ca18c0830923c85a93ded3759f46065,1953-11-05,2023-03-10,583245.58,33 años 8 meses,Comunidad Valenciana,True,1666.42,224.00,1577.77,1877.77
Tracey,Porter,bb2f8bb049f0fe4c9dd11bdf2015be41ca84d2a365642ae3f798a15e705f1138,1952-10-09,2023-06-18,608428.07,28 años 2 meses,Extremadura,False,1738.37,158.00,1427.89,1427.89
Nathan,Cowan,fa55f992fd81698d7b4b2ebfb49feea20b3aed3a3d6c2be6ef95511a91ac3536,1958-01-23,2023-02-27,590870.46,40 años 2 meses,Cantabria,False,1688.20,302.00,1688.20,1688.20
Paula,Burch,34d893f18d05549c6d920f6b704b922f28ab757396d660974d8e47b353d4e644,1954-09-05,2023-07-05,466667.68,17 años 9 meses,Cantabria,True,1333.34,33.00,759.07,1059.07
Amy,Preston,82fa27ff2bab36a34212857ad6b7ee557965c9c8e18ade347f32b6b83b46e9d0,1958-05-17,2023-04-04,614082.61,44 años 10 meses,Castilla-La Mancha,True,1754.52,358.00,1754.52,2054.52
Hannah,Marsh,29ccea8c1617e7d5c84e3a64dba0e5d9214ba8068d08fb75e1d3f287c881710f,1956-09-13,2023-05-11,603352.21,32 años 3 meses,Galicia,True,1723.86,207.00,1576.47,1876.47
Peter,Jensen,e95916deed85425669174b1ffb7b0e5be31d6202ed8f6b49cb8aed8a98742a7f,1948-02-02,2023-08-28,608384.36,33 años 5 meses,Extremadura,True,1738.24,221.00,1635.86,1935.86
Francis,Garza,b1531c0bbd4c35e3d80cf8136f4cb8f9c716c438914e801cc2dad25f49b6a3b2,1958-06-13,2023-09-21,591338.12,41 años 8 meses,Cantabria,True,1689.54,320.00,1689.54,1989.54
Anthony,Rios,d886652e9f0957067fa99538b55afe7f895b9be45daa66abec12d9fec25c550b,1951-09-25,2023-08-28,610156.10,28 años 9 meses,País Vasco,False,1743.30,165.00,1455.13,1455.13
Miranda,Medina,6e9cd12b62a7449cddca0e40eb5549a6faf249d9efafb821521efd8ac4aff8f0,1953-10-28,2023-06-14,533109.83,21 años 11 meses,Galicia,False,1523.17,83.00,1027.07,1027.07
Kayla,Jimenez,a73ddeb6af071e0016fd7cb1509f10f8e88910cf198e957d63d69e840e60bae6,1955-12-25,2023-01-20,595068.02,34 años 11 meses,Castilla y León,True,1700.19,239.00,1658.20,1958.20
Kelly,Stephens,fde568b0d31a1f6c5ae1b7630312e89f36062b3b50d84f09ab12a775e5a2d4e7,1957-12-21,2023-04-14,599622.16,40 años 8 meses,Canarias,False,1713.21,308.00,1713.21,1713.21
Marissa,Hayes,9dc33a04bed236d87be901f69f2ab2fa7b1babae02dae1261d118ed2938b15e2,1958-01-01,2023-09-14,586272.53,41 años 8 meses,Murcia,False,1675.06,320.00,1675.06,1675.06
Sandra,Ramos,4990ffbbf29c6166388ac407efa537dcb8816f0f893593bc358b32a04103dc4e,1948-07-05,2023-04-19,426335.74,15 años 11 meses,Aragón,True,1218.10,11.00,637.19,937.19
Angela,Herrera,34932e85c2d292cb97a2282f18b6acd97a8ac05ee65b0a914b282402ea5b6684,1950-03-15,2023-04-16,595883.51,30 años 6 meses,Murcia,False,1702.52,186.00,1489.02,1489.02
David,Blake,f81f750f99e03ff356d03453dfb6c69d66f25724129250f1cc1da0966e393658,1955-09-30,2023-07-21,583605.07,31 años 3 meses,Galicia,False,1667.44,195.00,1486.85,1486.85
William,Patterson,71c229e47fa1d4be6157287da6116de2c2c948ae5839c49b8d11bc6c9af9718b,1949-01-28,2023-01-23,599483.82,29 años 7 meses,Galicia,False,1712.81,175.00,1462.22,1462.22
William,Wilkerson,04c3a776855e3f03006a187adc11e7138af2a4c63cf4273ded202d65d46ced96,1948-04-26,2023-11-26,512955.30,20 años 8 meses,La Rioja,True,1465.59,68.00,942.08,1242.08
Richard,Lawson,18573775ff634bc1c6b5af7b0228eb8a5fd325cca2732276acd3f7328dadaca9,1948-02-21,2023-09-22,603724.28,33 años 8 meses,Canarias,False,1724.93,224.00,1633.16,1633.16
Dakota,Collins,a6d216448690d5de9bbf4ac0b8c00a61c9a175e0a49d21765aa0623f41dcb5d2,1950-06-21,2023-05-25,605738.16,29 años 7 meses,Cataluña,True,1730.68,175.00,1477.48,1777.48
Amy,Zimmerman,8c3f5a9378846ce195b6d15cc00650da887d0a13893009785c8475d35642b58a,1958-10-10,2023-01-14,614101.05,42 años 2 meses,Islas Baleares,False,1754.57,326.00,1754.57,1754.57
Lori,Shepard,95927d91d2405e51cb0c7cdaffc2e32cb01f15b537966bd8aa8a6c67decfd46c,1948-03-12,2023-11-20,595886.02,33 años 5 meses,Cataluña,True,1702.53,221.00,1602.24,1902.24
Clinton,Alvarez,10e1d6091d43480f84ee526abda1ccc547bab578bc4f3f8afd349faa2e87674c,1958-03-24,2023-03-24,606666.50,39 años 10 meses,Comunidad Valenciana,False,1733.33,298.00,1733.33,1733.33
Jason,Owens,1fa2916d9ccfa93a3abfb1c4323c22b2e4ec2f5eb86b621c4b0078d7bc78844e,1947-11-22,2023-06-16,605179.16,28 años 0 meses,Navarra,False,1729.08,156.00,1413.69,1413.69
Andrew,Holmes,ea3fe995d274c9a7eee795522b3e26d4bdd63966338e3b07d5486d275df02575,1949-04-20,2023-05-10,503001.55,19 años 7 meses,La Rioja,False,1437.15,55.00,884.57,884.57
Christina,Molina,e961f9a5afdd513b715efbf99337ba8a3a05c3c61575f4db741a5e10c58c308f,1958-08-31,2023-11-02,612372.63,40 años 0 meses,Asturias,False,1749.64,300.00,1749.64,1749.64
Stephen,Lambert,84022f145277d8658690effd0e16edb99a6401bca5512bcff108081d6a2bf42d,1953-04-20,2023-09-17,589803.89,29 años 10 meses,Castilla-La Mancha,False,1685.15,178.00,1448.21,1448.21
Brady,Love,57ad3b66a1b203f319158c36b59f106015dd730a128abffcf18a6ec8c1b22733,1948-09-14,2023-11-24,608768.15,32 años 8 meses,Canarias,True,1739.34,212.00,1607.15,1907.15
Ashley,Gross,970e9c230b40720edf2b6fc732644faa18dd94b1e87a072692bbe0ba304e6266,1953-10-30,2023-07-02,577663.65,34 años 10 meses,Asturias,True,1650.47,238.00,1606.57,1906.57
Amy,Lang,e4d787e169048de2f0eaf9dfd6976baec4496ee07d03315bf31a92df7fedf70d,1948-07-22,2023-08-24,605282.69,28 años 3 meses,Navarra,False,1729.38,159.00,1423.80,1423.80
Allison,Harris,a5a60761b3bb72ec8add4d63fdf70515481f4808d44dd455c21c69f411e9dbf9,1951-03-25,2023-05-08,603862.69,37 años 5 meses,Extremadura,False,1725.32,269.00,1725.32,1725.32
Bruce,Jordan,994333931441bfdd7dd33dbc967087fcd820d40163a821118f5dffd388cbb247,1955-06-18,2023-08-06,476474.61,17 años 9 meses,Galicia,True,1361.36,33.00,775.02,1075.02
George,Morgan,b35bb21f4edce9e4e3c05a58d40695fcc08fd5f18e544cadbf9c77cec381e4ff,1955-12-19,2023-09-03,606640.96,34 años 3 meses,Canarias,True,1733.26,231.00,1664.10,1964.10
Charles,Blanchard,e326976c2764485fa665cb9fe5c47d3e6b6f94b6f37f2b06ba060230540c465b,1958-08-24,2023-07-14,607069.45,38 años 0 meses,País Vasco,False,1734.48,276.00,1734.48,1734.48
Katie,Thomas,57bb8a17a5d2c6dd4ef98cb32dfbd7fcd4885a7e1e83b0b9204b7aa9fe3c5846,1950-12-04,2023-09-01,429444.87,15 años 6 meses,Canarias,False,1226.99,6.00,628.96,628.96
Tracy,Robinson,399c12e3baca21bb917c8bece12299c72248c8d8f0ce02a2978a1913525999a4,1955-04-18,2023-06-27,430924.89,15 años 3 meses,Comunidad Valenciana,False,1231.21,3.00,623.36,623.36
Deborah,Hall,21489131ca012086c32037af2af964b7501e19e3e685ec33740f95dc2404b655,1954-07-11,2023-03-03,595814.22,24 años 2 meses,Canarias,False,1702.33,110.00,1243.05,1243.05
Keith,Miller,e956fa176a0f6c75f784be7851f71a8e8e01d1f074c2fb04ab5c81c601a6b8be,1957-03-16,2023-01-13,494251.47,19 años 9 meses,Castilla-La Mancha,False,1412.15,57.00,875.11,875.11
Monica,Harris,ed5440d79c4c9385f2832479b267b632d3d676dd49b3cdadf210a20e72dbfe4d,1955-03-20,2023-03-25,593565.33,29 años 7 meses,Cataluña,False,1695.90,175.00,1447.79,1447.79
Haley,Holland,49c749a9ec8b0e042c985ef82f3549f0e306d29f718249d4d3c673e434bb337a,1953-04-08,2023-08-20,543760.15,20 años 3 meses,Aragón,False,1553.60,63.00,982.34,982.34
Lindsey,Brown,d8acd13947e6d55fcac903608e93d32b4bcb11c9f2aecd8d04ffd9e39bb172ac,1949-09-10,2023-02-08,592131.02,25 años 1 meses,Cantabria,True,1691.80,121.00,1270.71,1570.71
Carrie,Salazar,8c8d0f955a1d89c56fb2bdbd0b68a78797a7c4a27019cdb756b8ccdebad6223c,1956-04-30,2023-11-25,583131.11,28 años 2 meses,Navarra,False,1666.09,158.00,1368.53,1368.53
Paul,Nelson,2e1c066d91997c3e9df4de80c7661f0b34479ba997d6abae2d2ba43a9d4d57e6,1953-09-22,2023-08-11,580847.72,23 años 4 meses,Canarias,True,1659.56,100.00,1178.29,1478.29
Joshua,Payne,cf23f5dd04ec850be93852772fd19570e09deaf5cddb9373cf4816e7d16dea0c,1951-02-06,2023-10-17,597720.19,30 años 10 meses,Murcia,True,1707.77,190.00,1506.59,1806.59
Amy,Hensley,a74fd38cd27538a146ee0999dfef59bff08e023c94ac9c59902898f47a989a2e,1957-12-22,2023-05-08,609275.58,40 años 4 meses,Islas Baleares,True,1740.79,304.00,1740.79,2040.79
Kevin,Smith,ff54496aad203545db7846dda24c08342597e0cc34b2dbd7eff414396089e8be,1952-09-29,2023-05-08,605295.76,28 años 5 meses,Galicia,False,1729.42,161.00,1430.40,1430.40
Barbara,Lam,e5dbcb97d22e484a655f0c793d710619cd020d2e784ff16682acb94d6351dd51,1949-03-10,2023-03-04,605960.89,25 años 7 meses,Castilla-La Mancha,True,1731.32,127.00,1320.13,1620.13
Tim,Torres,e96c3d106641dd573cd4168b66c47963a865ba2fd4672d86f94a23606dcfaa87,1949-02-17,2023-09-12,562829.42,23 años 8 meses,Cataluña,False,1608.08,104.00,1155.24,1155.24
Rachel,Chavez,71b0cf4f3f5b42b6861dd0ae3a751040a470c253a45e1c9791e7166e9872181d,1958-02-20,2023-01-09,603798.37,44 años 1 meses,Navarra,False,1725.14,349.00,1725.14,1725.14
Kristin,Taylor,21a089d53ff998662f3f51e001a799f90a54e54f62959e8e2314664c80cac55c,1952-07-03,2023-05-06,597297.06,32 años 7 meses,Islas Baleares,False,1706.56,211.00,1573.62,1573.62
Todd,Coleman,b6f07e8ffbd3c21c10eb9023c53ce1b42351f470d95bce84f25cd4cf25de10b0,1952-02-01,2023-02-21,426903.39,16 años 10 meses,Castilla-La Mancha,True,1219.72,22.00,666.21,966.21
Katelyn,Coleman,6a018ef1385142e69ca68f3599ebb3ab927ca94f125d3455c285e84fc671caf3,1949-07-07,2023-10-27,596501.23,28 años 5 meses,País Vasco,True,1704.29,161.00,1409.61,1709.61
Felicia,Hayes,d3e105ebb476aed804923977b7d366a85daf4c0ca97fad1d9dd405d4b8b76bb7,1957-06-16,2023-06-06,604551.56,36 años 6 meses,Andalucía,True,1727.29,258.00,1727.29,2027.29
Catherine,Olsen,8b1668abab94bcfedbd42928206ec0f2d81b6848e3c97268791f3db7911cb2f2,1950-11-23,2023-01-18,601562.37,32 años 2 meses,Cataluña,False,1718.75,206.00,1568.52,1568.52
Kenneth,Gay,08fc1c97388acdb40bf0484db2941bbdb2d30cfbc00146624e4c8653f9d9a40d,1952-08-06,2023-09-18,469766.91,17 años 2 meses,Cantabria,False,1342.19,26.00,744.38,744.38
Katherine,Gutierrez,589690e5210bf063c6e42331a6ec53a71411dbb297ba644f3e0285f53d472826,1947-12-09,2023-06-07,529553.84,21 años 11 meses,Murcia,False,1513.01,83.00,1020.22,1020.22
Stacey,Bishop,e076df9d1ef19fbd851892c41d1fd7c97348f30ed827f8ba55efbcf3c12b2284,1948-03-25,2023-06-10,527629.23,20 años 6 meses,Castilla y León,True,1507.51,66.00,962.70,1262.70
Denise,Cook,249369187565ddb0bfec6ac49fb149108800fa3229be294159583dd3a670963e,1958-05-19,2023-08-09,620224.78,38 años 5 meses,Murcia,True,1772.07,281.00,1772.07,2072.07
Gerald,Collins,36eb1834da389445efe1e3004fabc4e6911926e7a014d1374cd7979d90ac67db,1958-04-21,2023-10-14,610771.27,38 años 9 meses,Navarra,False,1745.06,285.00,1745.06,1745.06
Ann,Mccormick,3a2120d181fc8e4a1a8892b6ec939eae459c3f9f027588737bdbba3d93693870,1952-02-12,2023-04-15,546049.64,23 años 11 meses,Madrid,False,1560.14,107.00,1130.32,1130.32
Jack,Dean,5d30a937be40cf7f47aaec75506b905964f9320f40cccae063bb6b5dec6035d6,1958-07-24,2023-07-28,599503.29,44 años 8 meses,Castilla y León,True,1712.87,356.00,1712.87,2012.87
Angela,Swanson,3738c16fa8ae668bd23f6b5ae4089a15ec531bd22976350a3eef91f73b52600c,1953-05-29,2023-03-12,428215.37,15 años 9 meses,La Rioja,True,1223.47,9.00,634.86,934.86
John,Le,b8ca0801eec9b3e825f0df52034fb03554aa2598f7ab55c67f18365a71d35891,1958-01-18,2023-03-07,603824.00,43 años 4 meses,Galicia,True,1725.21,340.00,1725.21,2025.21
Cheryl,Jordan,0ac50c3627184e730ed73ae96f03964e7ab13028aeb4b4d8a7954152846028f2,1953-12-05,2023-01-11,592770.34,37 años 2 meses,Madrid,True,1693.63,266.00,1693.63,1993.63
Christopher,White,2eba4443f77577cd0f21c60553838fb87bc1d866e687c0bd6a3c6ec052c8eb72,1958-10-30,2023-06-20,597570.47,45 años 7 meses,Islas Baleares,False,1707.34,367.00,1707.34,1707.34
Corey,Stevens,23a76cb5e7775e5db8da8a7b4926e30a445d9b9f80bea6f89a09c10f13c6f454,1958-01-22,2023-09-01,616937.47,43 años 8 meses,Asturias,False,1762.68,344.00,1762.68,1762.68
Levi,Chavez,92e1db41da714d68116c9be19433040ec91689f9ea5637960850942c021e0973,1958-09-16,2023-10-07,602349.72,38 años 2 meses,Extremadura,True,1721.00,278.00,1721.00,2021.00
Richard,Woods,b1b01ba8d7298ff577f1404c19eac0acb765213cfad215803bddbb4229be3f0a,1947-11-22,2023-04-17,589967.90,32 años 6 meses,Islas Baleares,False,1685.62,210.00,1551.11,1551.11
Francisco,Rodriguez,c6c53303d66d084439687e03317b32d1038ab9bf7ed5ad0133c2fbdd2fe99dec,1948-04-15,2023-10-14,549343.60,22 años 9 meses,Aragón,False,1569.55,93.00,1091.31,1091.31
Anthony,Harris,0ca7f5703fc9bfe4e84871b0a1e4f7499d587b740351a5cd45813c1d78a62001,1954-11-18,2023-03-19,566715.94,24 años 10 meses,Asturias,True,1619.19,118.00,1206.95,1506.95
Patricia,Taylor,2e9b6398528453b7f6c4faa829250e93339e7f327c21489e16e8f128a62c5750,1953-06-01,2023-03-09,620400.09,35 años 3 meses,Murcia,False,1772.57,243.00,1742.26,1742.26
Miranda,Ward,a173ab478874b9d5d729758338ef854349ab797de37186e2392667fc11030e48,1958-05-19,2023-09-12,586616.27,42 años 9 meses,Extremadura,False,1676.05,333.00,1676.05,1676.05
Heather,Brown,2b43953e2c650dff9bafe33f219834fc88bd0a6c0cfd87c8fad2ee2fb288eafb,1958-02-15,2023-01-17,598586.69,43 años 10 meses,Aragón,False,1710.25,346.00,1710.25,1710.25
Mary,Robbins,c2e7e677376a88cb6a92b908f522d70eb9d7a6f2028a2236191f7c8872a64558,1958-07-08,2023-03-20,605820.66,45 años 1 meses,Extremadura,True,1730.92,361.00,1730.92,2030.92
Kathryn,Russell,638ce69d3371ee88c7245448eb4bb6eb486d4dcd9b9cf6b025a6743c4a9d2f6f,1952-03-13,2023-10-10,532213.97,20 años 0 meses,Andalucía,True,1520.61,60.00,951.90,1251.90
Andrea,Collier,95e0c3980871be51c5ba8a91da7f8a68e0bc9185e2725f67ad7678ffd93590c1,1952-07-11,2023-08-09,579727.62,24 años 3 meses,Islas Baleares,False,1656.36,111.00,1212.63,1212.63
Heather,Garcia,1b207be416cfdad19191a7220a498a45ad3be2a4ed9f42a5c09d9f55554f108b,1958-04-10,2023-04-27,595041.27,39 años 10 meses,Castilla-La Mancha,False,1700.12,298.00,1700.12,1700.12
James,Miller,8f6a8d66924f719e91d0a2f41c2a6fe214eb10a08bc2711c3f24d65fc6d60e0b,1953-10-18,2023-01-02,573416.18,23 años 2 meses,Galicia,True,1638.33,98.00,1156.33,1456.33
Victoria,Knight,f2f348c05b9963a52693f9157e506ade9cfa6bdad0c821bd36174e103a6adb8f,1952-03-04,2023-10-02,548343.12,21 años 3 meses,Madrid,True,1566.69,75.00,1030.10,1330.10
Matthew,Leonard,efb6f45cf494baa60ceda934eb5fc65f95912f1807854b8f5d17f34ffd4498da,1958-10-21,2023-05-26,590978.29,42 años 7 meses,Galicia,False,1688.51,331.00,1688.51,1688.51
Dalton,Hernandez,c4a66d895288ea9a3cd9ae36d9b40adfb66c6101c6545f1502f6dcdeda495bcb,1957-02-08,2023-01-02,592799.35,28 años 4 meses,Cantabria,True,1693.71,160.00,1397.64,1697.64
Adam,Clarke,16ad6d80f8490c1eaed3140e819832f418b191aaed77d7b8a7d0bcba126e1ff1,1957-05-27,2023-02-12,627259.50,32 años 4 meses,Asturias,True,1792.17,208.00,1642.35,1942.35
Kenneth,Parker,b6d70e3ad741054b1635c010b0658c674a1b26340a10592495a3add65474072f,1950-04-19,2023-04-16,605887.62,32 años 3 meses,Murcia,True,1731.11,207.00,1583.11,1883.11
Kevin,Johnson,03fd331a06590aaccddd3d90fc2d2a3e77022644deaafda10367cc738f7b9d37,1950-11-19,2023-11-12,607557.44,37 años 3 meses,Castilla-La Mancha,False,1735.88,267.00,1735.88,1735.88
Tiffany,Quinn,4b2fec752092b26a8ae4d81e7df58393b1020fa8ea666da8d408a6a2b5ddaeef,1955-04-26,2023-12-09,597184.20,30 años 0 meses,Islas Baleares,True,1706.24,180.00,1472.83,1772.83
Aaron,Quinn,888fd3ba4079bbdd84718486bcb90eb96a262168da1d83ed5ab5c753a9ddc760,1958-03-07,2023-04-23,608252.87,40 años 0 meses,Asturias,True,1737.87,300.00,1737.87,2037.87
Andrea,Patterson,85c0a9671c091088373bd423336cf2e946a362c7ff0d2c1b2c10e0a5c6a5aa66,1954-03-05,2023-10-01,431071.99,15 años 2 meses,Castilla-La Mancha,False,1231.63,2.00,620.99,620.99
Breanna,Greer,b5a45bce180354594673984225f0db1a5b6790d7414de064203864234305bf2a,1949-06-05,2023-12-14,608006.99,36 años 11 meses,Asturias,True,1737.16,263.00,1737.16,2037.16
Eric,Mueller,e71a8ded004e2eddbcabab82d59b0d61c2e8094133d9cc92f22a33b81524c963,1958-04-19,2023-04-25,619867.96,41 años 4 meses,Aragón,False,1771.05,316.00,1771.05,1771.05
Sara,Mckinney,f278dee61b210a5872b3ae179b7aedf8d1260fddeb96516ae8be2244a9e4a11c,1955-02-08,2023-11-04,520919.14,21 años 4 meses,Cantabria,True,1488.34,76.00,981.71,1281.71
Howard,Adams,24af4756380e47ebb570c3b0eb629a4817061b4df5b61e8e2b51ad56c5b91e55,1958-03-21,2023-05-27,593483.91,44 años 5 meses,Aragón,True,1695.67,353.00,1695.67,1995.67
Eduardo,Kirby,8133e69fb607338095db33f1c126a95dd6a0401b3eb272a7c178cee1ac0fabd2,1958-06-06,2023-03-20,629556.02,39 años 10 meses,Cataluña,False,1798.73,298.00,1798.73,1798.73
Adam,Copeland,9cf5562ab5521d926d8a053cb6a727e3059e4da3f305dd817114f279f0e757e0,1958-08-31,2023-06-25,624284.02,44 años 8 meses,Comunidad Valenciana,True,1783.67,356.00,1783.67,2083.67
Michael,Chandler,cc35c7cfc5488ad3ca849c67f4a049caf8054915a4caab574d1485857c2636fd,1958-02-17,2023-08-10,601865.21,44 años 4 meses,Castilla-La Mancha,True,1719.61,352.00,1719.61,2019.61
Brandon,Young,dcc17682fd498f285122c2cacca4a8de807e9c968cbed3f02acc3424c2aa45ec,1951-03-22,2023-04-28,559998.31,23 años 5 meses,Islas Baleares,False,1600.00,101.00,1139.36,1139.36
Andrea,Clark,f053923f620d7dd362c3bb9a5ab8b76a1ef4999e88364ce87779bc70fc9547ff,1951-12-26,2023-09-20,599358.94,35 años 7 meses,Cataluña,False,1712.45,247.00,1696.18,1696.18
Tracey,Soto,f0a39db404d6a810127a457ec322b36645dcf20a90883f59dad062194b78e387,1955-04-10,2023-01-22,603964.57,33 años 9 meses,Cantabria,True,1725.61,225.00,1637.09,1937.09
Katrina,Pearson,1e44c9859f1dd9df264aec45c31c7e6d750c54d8a3253664a6a5f62d1d657db5,1953-01-30,2023-09-12,605099.55,26 años 10 meses,Andalucía,False,1728.86,142.00,1367.52,1367.52
Phillip,Payne,932954b8941f1d93cea970db0aa67026c563933435b6756629b04f49c08010b5,1951-12-24,2023-08-02,602698.75,28 años 7 meses,Cantabria,True,1722.00,163.00,1430.81,1730.81
Bryan,Howard,d925ae259a5a4ffe30b3f95ab27b479f454b9cc3f5c644fb0af102c4a135c8bf,1948-12-23,2023-11-16,608398.22,30 años 9 meses,Asturias,False,1738.28,189.00,1530.21,1530.21
Samuel,Osborne,4ed042e0d49fa3baad53c6a3d0488d6e71bfd48f05d3f041b34d2dd05e04b0d9,1955-08-17,2023-10-06,540452.17,21 años 1 meses,Castilla y León,True,1544.15,73.00,1008.79,1308.79
John,Oneal,c74c3bfe335052acfd271dba5a088abbf53f8eb941b7c3f5d4669c7a140d091b,1958-02-01,2023-01-10,604626.23,42 años 1 meses,Murcia,True,1727.50,325.00,1727.50,2027.50
Brittany,Robbins,fbe7aa02192ff812b4f96bde45c54abfdd7a7eead610d0b4f508475d4f15b2af,1949-01-13,2023-03-03,581490.73,23 años 4 meses,Murcia,False,1661.40,100.00,1179.59,1179.59
Heather,Wilkins,86d7e28d034261dff1237b63331013dbe21f26dcfaf8cccdd78e27822d20acf8,1950-12-06,2023-02-12,598447.96,30 años 5 meses,Canarias,True,1709.85,185.00,1492.18,1792.18
Christopher,Thornton,9d523ddf8cc9af57fb7e342451a8851cbaec5c975db7b58805a7848a202a2775,1958-10-18,2023-01-27,604192.79,38 años 11 meses,Cantabria,True,1726.27,287.00,1726.27,2026.27
Adam,Alvarez,dfcc50d4c93ce12fb372bdb21ef90652747d0ff79524864d457953e2fdafec81,1958-04-13,2023-01-26,591106.48,40 años 1 meses,Castilla-La Mancha,False,1688.88,301.00,1688.88,1688.88
Jessica,Reid,1953a077c824d854dcb605ed8164f8b051c7dd28ff11bec5d796bed3aa9ddb01,1958-09-03,2023-12-05,589758.37,39 años 10 meses,Madrid,False,1685.02,298.00,1685.02,1685.02
Charles,Nunez,ab4d4d0c08e8be79e91cbbeb1ae7256dcb966e25a79ccbf25cdd709ed467dd89,1958-01-09,2023-11-04,590500.97,44 años 11 meses,Comunidad Valenciana,False,1687.15,359.00,1687.15,1687.15
Ronald,Duncan,490d315e004875c9d8bf9a4e40cf19db656cfb5f6ac42f8b06a886b1ac6e9bc7,1952-05-28,2023-08-14,414724.12,15 años 8 meses,Andalucía,False,1184.93,8.00,612.37,612.37
Jason,Wright,efe9b0cc957fc7cb53d9421db8bc82d3d795be2c93c2c30294bad504dd44b864,1956-07-11,2023-01-14,589705.87,32 años 6 meses,Castilla y León,True,1684.87,210.00,1550.41,1850.41
Anthony,Summers,a1ad1bfbdf1c1639f22ffcbdc5313cfdb38722c229fb09e620edcd1f40a2ee45,1948-02-12,2023-04-06,411105.18,15 años 11 meses,Asturias,False,1174.59,11.00,614.43,614.43
Jessica,Snyder,65afa39b5d59e72473cb8c46c15279c0d1c77daeec32110c73eaf9fbc229b020,1958-08-01,2023-02-03,587134.28,40 años 3 meses,Castilla y León,True,1677.53,303.00,1677.53,1977.53
Robin,Moore,9d72bbf95dbf7d15726133e3fe2e97c2cfa827a04b5237bdd7d7dc2f0cc9c214,1957-03-13,2023-02-11,546993.80,21 años 2 meses,Galicia,True,1562.84,74.00,1024.29,1324.29
Ronald,Cross,d4058efd2142f31375b8386f90b49e0aafae7ed0d23bd967f1a2f934949e04ec,1955-12-17,2023-04-04,604927.18,31 años 8 meses,Castilla-La Mancha,True,1728.36,200.00,1557.60,1857.60
Heather,Nichols,bcd70856e375f1a0857262bbf2053526441a5c163a142bdc7867aac2eb1c3747,1957-12-25,2023-11-01,621560.99,45 años 10 meses,Murcia,False,1775.89,370.00,1775.89,1775.89
Jessica,Peterson,47cff7447ea46aa9f179bf7feb8f38a40624f966d90f30c464b751ac2dd459e1,1953-10-19,2023-08-15,529522.33,21 años 10 meses,Aragón,True,1512.92,82.00,1016.98,1316.98
Laurie,Hahn,627c30258912f5d7d07d45c478fd1fd4595b9c9e0c04b9e742f0e91afd1caea2,1954-10-10,2023-04-09,466837.61,17 años 6 meses,Aragón,True,1333.82,30.00,750.94,1050.94
Amber,Roth,1ca373a202b45f318f6b604f85ff837bf272a6dcf2f4aaa3e4a23795030f04e3,1948-08-21,2023-04-05,466339.26,16 años 1 meses,Murcia,True,1332.40,13.00,702.57,1002.57
David,Carpenter,6d75cd2245cb3a0cb2d6b346dca8fd4f8feaa9fae6859a9044c5288fa6b53739,1949-12-01,2023-08-21,584871.01,30 años 11 meses,Extremadura,False,1671.06,191.00,1477.39,1477.39
Cole,Stewart,351133ae97d4aa2d100788c1f7e3121baa072a8359da5c347b156ac812cb8491,1952-03-02,2023-03-07,620341.61,30 años 8 meses,Asturias,True,1772.40,188.00,1556.88,1856.88
Laura,Wright,98a2d42c79483aaf16e356f5d25ad3e61ce735e8a0dec1b3c4f2b479d1b0c789,1951-07-17,2023-02-06,601089.13,30 años 1 meses,Castilla y León,False,1717.40,181.00,1485.72,1485.72
Benjamin,Wolfe,6390910c398463ccd71a28b5d62a3f51d5752bc62e5aa21cb2110ca852e0cc08,1951-02-25,2023-08-15,614510.84,26 años 2 meses,Canarias,True,1755.75,134.00,1362.12,1662.12
Adam,Smith,42c48b8aafbedc57cfb837a16e3baf77cf24493adecc0f2807860b4c8d2233df,1956-07-16,2023-04-01,604415.52,31 años 10 meses,Canarias,True,1726.90,202.00,1562.85,1862.85
Michelle,Hogan,3c9729c59868e647851a31f7901e0132a08c4aca17baefac071ba465e554287b,1956-11-25,2023-12-16,593237.91,28 años 0 meses,Murcia,True,1694.97,156.00,1385.81,1685.81
Christopher,Lee,53b6c624723b5d3ed48df5f80cbacf864bbf30eafb28bf3968b8ea1d54c5dfa2,1948-01-05,2023-06-24,504740.68,18 años 4 meses,Galicia,True,1442.12,40.00,842.20,1142.20
Krystal,Bowman,e86b06220712f2a145b5be001849b7ba6baade6cbeebf7365b3354d0ee8f56e4,1958-06-28,2023-05-18,595764.41,37 años 9 meses,La Rioja,True,1702.18,273.00,1702.18,2002.18
Melvin,Thomas,6e420c38bd2b978630210a9e88e15e1b13b2f6884a951b6e7f5c779231691b10,1950-06-24,2023-05-15,599881.75,35 años 1 meses,Castilla y León,True,1713.95,241.00,1678.14,1978.14
Jeffrey,Humphrey,94ec0610338c042fce60e60b67ba642aa7a4cab0b03ab8431b20fba09c8a908f,1952-12-26,2023-12-03,580637.92,23 años 4 meses,Comunidad Valenciana,False,1658.97,100.00,1177.87,1177.87
Ann,Fuentes,9c1be33a352855dce1d25804034e5718413c19c302205948a0c9adfeee8b8242,1951-02-28,2023-04-04,582647.31,23 años 6 meses,Cataluña,True,1664.71,102.00,1188.94,1488.94
Jason,Lopez,8ceef6469331028704bbc8168008ec22edc2d69f80d42a4c2ebfe1bc59e7896a,1949-11-28,2023-05-28,540571.55,20 años 5 meses,Aragón,False,1544.49,65.00,983.07,983.07
Darlene,Walker,81aa5ee1d98ed2a4b472dc6a1b27e6890fe7bc82125c97aaac5bf864a6782714,1954-02-14,2023-06-12,473621.52,16 años 2 meses,La Rioja,False,1353.20,14.00,716.38,716.38
Cody,Martinez,16df320bd26778f47a3900527c86d15038db784f431c79a08314871d641e57d1,1953-08-14,2023-07-13,490530.49,18 años 4 meses,Galicia,False,1401.52,40.00,818.49,818.49
Anna,Thomas,6126c67aaa9c769681288061cd602fc90ff6de59629a75c40d912ce551b86e02,1954-10-21,2023-05-03,591867.60,30 años 9 meses,Extremadura,False,1691.05,189.00,1488.63,1488.63
Eric,Rodgers,978db589a53453e106d073895a6793b8f15e67f998632e76cb710c2cfc784970,1949-07-01,2023-01-06,483745.78,18 años 9 meses,Extremadura,True,1382.13,45.00,821.68,1121.68
Lisa,Sullivan,ebea4df340b362b5d7853f9d7f96b45afe18c5cd3549d224db3d4b65a4fae201,1958-01-24,2023-02-04,623714.54,45 años 11 meses,Galicia,False,1782.04,371.00,1782.04,1782.04
Catherine,Mason,a6197fb9d1a708b969a3c977c33672f5ff79000a06f6267ee1a8b0425591fad7,1955-01-19,2023-10-17,609072.19,35 años 9 meses,Cataluña,True,1740.21,249.00,1730.29,2030.29
Michael,Espinoza,b39bb5f8497c65c9bd5a2b26d47f68abfa290ed88aa311a6d93c3da21692c1a4,1958-10-09,2023-08-10,615480.58,40 años 11 meses,Andalucía,False,1758.52,311.00,1758.52,1758.52
Patrick,Torres,a49de25f2e75a52d41e39c787b75929da135c65a01885d6b2f10cc2e9516f08c,1952-04-01,2023-03-18,600316.42,27 años 7 meses,País Vasco,False,1715.19,151.00,1386.05,1386.05
Sherry,Smith,80f2437e29049014169944594686c3859bd2bc2ce067344053fdcfdafa93a484,1951-06-28,2023-10-19,581946.41,24 años 9 meses,La Rioja,False,1662.70,117.00,1236.22,1236.22
Lisa,Carr,1ef9af46b80815b1097001a2e2f0f0a6e9438b513b78c91542bb3c6750042f23,1958-02-09,2023-11-17,612857.42,44 años 0 meses,Galicia,False,1751.02,348.00,1751.02,1751.02
Scott,Johnson,6c7355e515b40291226f6be0355553c4cb9c91e8997535f0c6744456ca8e0c4d,1957-06-27,2023-02-18,606088.42,33 años 4 meses,Andalucía,True,1731.68,220.00,1626.39,1926.39
Cameron,Ramirez,18e1e1352bf2ca940daa44fda0c08eef7066a505b146011c513faa7de9fa298f,1956-08-17,2023-01-23,600148.28,26 años 5 meses,Castilla y León,True,1714.71,137.00,1340.05,1640.05
Jessica,Roberts,5416dae33d89f464d03faf204ebf25b7ea0573972b9f566b8e96d78cad26160a,1953-08-08,2023-06-23,589150.72,37 años 4 meses,Cataluña,True,1683.29,268.00,1683.29,1983.29
Derek,Stevens,a3790ff0b8ea8df56cc6af54f1c67fdb3d4799cbe3b472a3699d2eb6467d1398,1958-03-13,2023-09-23,618360.09,41 años 4 meses,Islas Baleares,True,1766.74,316.00,1766.74,2066.74
Thomas,Russell,80c9f2db627a5775678a623cb1ec05c0cfc94f3b6c61c409438def7cb9029b1b,1958-10-09,2023-07-13,595930.44,42 años 8 meses,Andalucía,False,1702.66,332.00,1702.66,1702.66
Douglas,Alvarez,f0c171917eacb64b766b781a58ec19afb113ea6a6cf7217312c4b84de80cd073,1954-12-29,2023-03-23,583347.79,28 años 4 meses,Canarias,True,1666.71,160.00,1375.37,1675.37
George,Clark,8a7fc84462d21db8d27453bd2ebf6d25439a2f7f1ee93b223ab36a8abf9f2c7c,1952-02-06,2023-11-04,596821.16,29 años 10 meses,Aragón,True,1705.20,178.00,1465.45,1765.45
Jack,Martin,f6126e2a3e2a9d3d1c67d001e6ca743a9a29a0d4ca5e646f0baa78685c4a86fe,1948-11-27,2023-03-19,591581.70,36 años 11 meses,Islas Baleares,False,1690.23,263.00,1690.23,1690.23
Barbara,Camacho,e2b34f12e4e0776310b0f3158a94c43fd38ecbe9d0dbdf26f55f08c61398aa5c,1957-11-26,2023-05-10,598252.36,45 años 8 meses,Extremadura,False,1709.29,368.00,1709.29,1709.29
Samuel,Johnston,ab3e5b6d13f73d3a53a534349a6d3de7803d25b12cd0d71bd719ff84432203d7,1952-08-20,2023-12-09,546982.83,21 años 10 meses,Castilla y León,True,1562.81,82.00,1050.52,1350.52
Gloria,Wilson,96ab5ca5d7f6a98b0c9fa0fd24e39d4bcc5fbe71f93e1c425612b5c691161b06,1953-12-17,2023-02-23,598836.35,33 años 11 meses,Cantabria,False,1710.96,227.00,1629.69,1629.69
Mark,Morris,fdf596c565ce25af77186b919bf40d6eb101bd37650a34726f8f3e7e36440967,1957-06-01,2023-03-04,618381.79,31 años 8 meses,País Vasco,False,1766.81,200.00,1592.24,1592.24
Kimberly,Bryan,3d0fe4351e05c73016e45a89f0a9274dd79424fd51aa49d9b50368474dea3c48,1948-02-20,2023-07-06,526232.37,20 años 2 meses,Extremadura,False,1503.52,62.00,947.52,947.52
Karen,Brown,b2b3dc4add4d22a68d6466452bddb5f6e87f3b73906bdfdd6917fd4951662524,1952-11-15,2023-02-06,587168.91,37 años 0 meses,Castilla-La Mancha,True,1677.63,264.00,1677.63,1977.63
Theodore,Alexander,e0bbc1b94d16c735367526bc3073484ca5c11e1e0c335819d9714d88ab47c493,1952-03-12,2023-06-03,548764.78,21 años 10 meses,Extremadura,False,1567.90,82.00,1053.94,1053.94
Robin,Mills,c35946386ff1907e800b6ff3e5b154a44a9ae623c020d1545f1da9925ef7ac05,1948-07-14,2023-10-10,458077.34,16 años 5 meses,Murcia,False,1308.79,17.00,701.12,701.12
Kevin,Thornton,ebea95e85785129ac410ec23e0c3162c202b778486377786ddf54bbfc4cb38fd,1956-05-15,2023-06-10,602226.11,36 años 0 meses,Castilla y León,True,1720.65,252.00,1720.65,2020.65
Casey,Rodriguez,e1688a7e2060ac7ed8139acf20873da274b389f0f0326b417c3929f875385db9,1952-06-23,2023-02-04,562313.98,22 años 7 meses,País Vasco,True,1606.61,91.00,1110.33,1410.33
Jeffrey,Mccarthy,a4fd66e633245e454edc49e83f557ae4ee6d9cc414d79280fa2b093cbb3c8fb3,1948-12-17,2023-04-12,589214.90,30 años 4 meses,Castilla y León,True,1683.47,184.00,1465.96,1765.96
Jessica,Li,2577d660764a80612e50aee293a3ec205455b2655de96e7f2fa1e115ce3b9689,1954-03-11,2023-12-24,455041.28,16 años 1 meses,Navarra,False,1300.12,13.00,685.55,685.55
Danny,Cook,9c0fc93786b95580511635a50bfb9cbb88d7bb9bdace8d1812eaa06428af0867,1958-08-09,2023-07-28,605295.41,38 años 6 meses,Aragón,False,1729.42,282.00,1729.42,1729.42
Matthew,Chavez,b3d8426893a0fd7beb2d1e69f691fbd253a064346bc81e5dab9dbe9ceb6bef22,1956-04-20,2023-04-09,435249.74,16 años 7 meses,Madrid,False,1243.57,19.00,671.40,671.40
Jason,Matthews,5fe5882108a7c7bbf68268ebe7c579458d2b7fae84c26b7c2367204e44fbefd3,1958-10-12,2023-12-10,608907.90,39 años 6 meses,Murcia,False,1739.74,294.00,1739.74,1739.74
Andrew,Le,26aa6f8a12e8e712ffd1f95b1ebf40570052e4c5fe67f6e7dafe6266f4e9109d,1955-06-29,2023-04-02,608292.34,26 años 8 meses,País Vasco,True,1737.98,140.00,1368.13,1668.13
Troy,Cook,f97334ce9597e9f3900f15ac41497d338565e0ecf8dbbefed2d3dd8f550368a0,1952-07-18,2023-04-18,558695.87,22 años 1 meses,Cantabria,False,1596.27,85.00,1083.07,1083.07
Randy,Martin,9d0eeb5e6f708eadd95a9f165b4ca7b656173fcb70ec6c2728c24d8b026d9151,1956-10-25,2023-01-01,520198.77,20 años 8 meses,Cantabria,True,1486.28,68.00,955.38,1255.38
Shawn,Reynolds,b2810c241160aba56a991cf75b40daa714894bf83d6e82a210ca9c8c1216f2bc,1948-11-24,2023-06-19,609845.88,35 años 9 meses,Aragón,False,1742.42,249.00,1732.49,1732.49
Kenneth,Pope,fe486a672ec6173e6ed45fe5c141c92cc592ed476f0433a02ba0971edbf47371,1951-05-26,2023-02-03,552530.80,21 años 5 meses,Canarias,True,1578.66,77.00,1044.60,1344.60
Alexander,Ross,52d196d66135e95f806ff67538892b664ac23093ab03515f077006ecdfd88362,1955-06-15,2023-07-13,481891.53,18 años 11 meses,Canarias,False,1376.83,47.00,824.31,824.31
Jacob,Anderson,ef06783b0b939e16c4d5567b8f4554903a26e1e0f74b70897a9076a81f9e9151,1952-10-19,2023-01-04,597682.35,36 años 2 meses,Asturias,False,1707.66,254.00,1707.66,1707.66
Angela,Townsend,d8aae0d15160cc9d4a2b5f9cb4c85ec70deeb51f34f0618fad08d7c7c2687658,1952-02-17,2023-02-01,434193.57,16 años 9 meses,Asturias,False,1240.55,21.00,674.98,674.98
Jeffrey,Davis,36651329503592f19bdfe99a20099ecaffdf41768fb3ebb01bcc2424ba0303d8,1954-05-04,2023-07-15,589948.71,32 años 9 meses,Navarra,True,1685.57,213.00,1560.67,1860.67
Taylor,Kelley,26ac34ca7109dc6f113e106d429f345b14f034a6ff1eb20b85271fc26d7634d3,1951-01-07,2023-06-05,418948.18,15 años 11 meses,La Rioja,True,1196.99,11.00,626.15,926.15
Brittany,Wilkerson,fdce6a0b7956c60f8cbd82ea5a9946a4f9a2ffad0fef5cdb16bc2f3c153fb1a4,1949-01-04,2023-10-16,609946.53,27 años 10 meses,Navarra,True,1742.70,154.00,1418.21,1718.21
William,Oconnor,a27aecde302dbbb3990b20369935ec344146dacb87e40cacf7b302ac4bbba368,1950-07-16,2023-10-08,444357.68,16 años 7 meses,País Vasco,True,1269.59,19.00,685.45,985.45
Bailey,Smith,ef00a52be51c22a1cedf4b4bc5c575a152843a90034be9cd8372e3aee0a69bc2,1949-10-07,2023-03-14,594667.80,33 años 2 meses,Castilla-La Mancha,True,1699.05,218.00,1589.29,1889.29
Rachel,Murillo,01ffbc169aea4e78db714f7ae6cc70d0ac212143e879a7a09010833dc08e4ad6,1951-10-15,2023-02-02,606989.82,26 años 6 meses,Asturias,True,1734.26,138.00,1358.62,1658.62
Jonathan,Kirby,fd73c830033883d1de5550333c93b08898cd97a7e3c7ad22a1e7c4fedd994d07,1958-11-03,2023-04-12,611325.10,40 años 3 meses,Islas Baleares,True,1746.64,303.00,1746.64,2046.64
Ivan,Ochoa,4705b4325208d336fbb9a2f38eac687fe92d7f963b39c67330f17eb40ee65086,1950-11-06,2023-10-03,604516.55,26 años 2 meses,Cantabria,False,1727.19,134.00,1339.96,1339.96
Alexis,Torres,61ef2a2b32b687f0af08a38fc07a4803c3794e4afc4a14ebe2792a6ee5ec4616,1951-08-30,2023-09-18,596242.79,25 años 11 meses,Extremadura,False,1703.55,131.00,1311.90,1311.90
Timothy,Wells,51b20103f8c5e02d87c19e992fbb5f2b8ecb6203a06c31816f75cae5fdabc009,1947-11-14,2023-09-28,479283.44,17 años 7 meses,Aragón,True,1369.38,31.00,773.84,1073.84
Stephen,Johnson,751d129e207658c7e89a6518fc667c9dbe52707ee8dcd42f582f29560ba6d5e9,1958-04-04,2023-10-27,599444.18,44 años 7 meses,Madrid,False,1712.70,355.00,1712.70,1712.70
Denise,Robinson,45fe94f2bc6dd16634127a4d3c98dfc170cb5b39457a36b7516079454a4d3d90,1951-04-27,2023-09-13,591070.99,30 años 4 meses,Asturias,False,1688.77,184.00,1470.59,1470.59
Felicia,Lloyd,04c9728a583c3e4ac7e9fc261a6d34819eba324ef42de663c1f665b82f4b98b1,1957-02-20,2023-11-13,610340.67,26 años 7 meses,País Vasco,True,1743.83,139.00,1369.43,1669.43
Kimberly,Gutierrez,76511bd700c3bef93530db27b0a9a5c82ca7f95111cf535b39c7e9c6f45fbd6f,1952-09-23,2023-06-06,476448.08,17 años 3 meses,Galicia,True,1361.28,27.00,757.82,1057.82
Emily,Thompson,40f363724f29bcae04a9809dae4d7db6081f132c656e20ec0bc8930d8750663c,1957-06-17,2023-07-01,424657.47,15 años 10 meses,Asturias,False,1213.31,10.00,632.13,632.13
Kelly,Howard,beb93d54969ddcb75895fbad539d05322075885d2f0ccacb214ad43de25acd05,1955-01-08,2023-05-26,608395.02,28 años 11 meses,Navarra,False,1738.27,167.00,1457.55,1457.55
Steven,Anderson,00e7ad611496e96be433c4c67f11b53fbba8eb003afa85bdf72c3beff0b7c9dc,1952-07-25,2023-10-25,476470.63,18 años 11 meses,Canarias,True,1361.34,47.00,815.03,1115.03
Lori,Johnson,bb4f6479dfef6135364926e0bddb157f9a732925e254397c08630911c74d3c81,1953-09-04,2023-02-07,600533.48,34 años 9 meses,Extremadura,True,1715.81,237.00,1666.91,1966.91
Alexander,Murray,7c42a459bd232cf4ea3a3d2316dec85901027598e529c3eb17764560ad1617b7,1958-10-30,2023-05-15,597763.02,42 años 9 meses,Navarra,False,1707.89,333.00,1707.89,1707.89
Rebecca,Davis,c1db82261783190421840923e7df8066bf412c1b92aaeb0cb97515f7aa054622,1958-04-24,2023-03-19,591710.30,40 años 0 meses,La Rioja,False,1690.60,300.00,1690.60,1690.60
Brian,May,81a2f3ee01d4dc023a307a8c29a8cfeccc99bc6800838a1b86e94f2a2c1a1fa9,1949-06-03,2023-08-24,610051.87,33 años 4 meses,Cantabria,False,1743.01,220.00,1637.03,1637.03
Howard,Carroll,ae57db986c1cd6127968713626133029e0024518c09b1b7fa998c71af1d5442e,1958-09-27,2023-01-07,610513.57,41 años 8 meses,Castilla y León,False,1744.32,320.00,1744.32,1744.32
Erin,Robertson,fa454a1efe8e93afc8183e5784604b47b91f6b281d1db4a799ec581e4a1e80e5,1950-09-01,2023-02-22,431826.16,15 años 10 meses,Murcia,True,1233.79,10.00,642.80,942.80
Craig,Schmitt,8ec00211c9ffd4ee1e27dabd9153881f5e89391dedc994935e38c8765ba9f074,1956-05-23,2023-08-21,588656.82,35 años 1 meses,La Rioja,True,1681.88,241.00,1646.73,1946.73
Kathleen,Rivers,5a34428a6bad3505b3e8a8802846a8dbb159fb6db1db81df9aeb7ab163630523,1957-04-03,2023-03-06,533164.71,20 años 5 meses,Islas Baleares,False,1523.33,65.00,969.60,969.60
Christy,Perkins,932719419d6a23bb06e935113b04f3a648e08613e6f86cde9101e66622293fd0,1950-06-20,2023-10-25,607094.11,30 años 4 meses,Galicia,True,1734.55,184.00,1510.44,1810.44
Joseph,Bowman,8cc93ee241e466b959595a9ca1408f927b699be53358223dcff4717cb06bfba1,1949-04-05,2023-10-14,419084.93,15 años 10 meses,Cantabria,True,1197.39,10.00,623.84,923.84
Nicholas,Olson,6943fbe6af27a1fac240643a0975783be0b7b29bbb8ed6a9dd1dc27273a62874,1954-05-30,2023-06-17,499045.64,18 años 8 meses,Galicia,True,1425.84,44.00,844.67,1144.67
Leah,Aguilar,2fe381ed37dac6c4ae26d083cc352fa4b7f9a941443cee15ec63b2cb7f2b75f8,1957-04-20,2023-11-24,473675.21,17 años 2 meses,Castilla-La Mancha,False,1353.36,26.00,750.57,750.57
Matthew,Cox,9b8080dc9999253db5856734564cb208e4a53a7e27004d35a74e5d2886c069c4,1958-07-12,2023-05-03,607303.87,40 años 9 meses,Murcia,False,1735.15,309.00,1735.15,1735.15
Melissa,Marks,29b896a7626520204315a57aedbbc9486272a93f0c29ef50baf57feade25e18f,1958-06-19,2023-05-15,598287.28,45 años 2 meses,Islas Baleares,False,1709.39,362.00,1709.39,1709.39
Jesse,Gray,1a09c2b0df7efce2ae76d1f685a3b2f6f5a5e6a0ce35ad766989e540ff3e5ef8,1957-02-26,2023-05-20,593308.28,28 años 10 meses,Canarias,False,1695.17,166.00,1418.17,1418.17
Gregory,Hardy,8ae20c6ec253c8d13b4a501d9772ad15674bc73eada501a47dcf6a123c8d0c77,1958-08-21,2023-04-05,607653.90,41 años 0 meses,Navarra,False,1736.15,312.00,1736.15,1736.15
Samantha,Wood,4d5cc6f7b21d3a69d162e3a863d36b93023a075ffc9dd760ddf9d9924a233487,1957-11-10,2023-09-17,606736.30,40 años 4 meses,Aragón,False,1733.53,304.00,1733.53,1733.53
Brad,Hernandez,7bdb7ab6cea04209e1dafb8de950cfc0dec9121791879db4f8b03d55870f7ec4,1957-03-07,2023-05-26,571758.40,23 años 1 meses,Cataluña,False,1633.60,97.00,1149.56,1149.56
Daniel,Kelly,b6d2326298110bbaa0e137c4938afe75b0fe7fbe8a5514e254d72bbfb8fba7d0,1950-01-08,2023-02-13,598511.28,25 años 9 meses,Galicia,False,1710.03,129.00,1310.39,1310.39
Roger,Roberts,45bb04b61f14781217c10d6ae4c321b9209e8933227220879b89d026a2c309ce,1949-01-07,2023-11-21,609037.07,31 años 4 meses,Cantabria,False,1740.11,196.00,1554.96,1554.96
Michelle,Gonzalez,2cc16b3f67ef7b1324b00c9df2d96ae35e2d302b59593c910c217475f8e0e446,1948-06-30,2023-05-03,572713.02,22 años 1 meses,Murcia,False,1636.32,85.00,1110.24,1110.24
Carol,Patel,ec22d15c50806da497be634084478895e430230c21a2343aa159d0db46f7d637,1958-05-24,2023-07-28,599250.49,45 años 4 meses,Galicia,True,1712.14,364.00,1712.14,2012.14
Carlos,Jennings,4a7ebfc4797a404054f2fd1fdb2274a2cb088d083ae5749f2e0d76429ccb7f54,1952-04-09,2023-03-07,613007.94,36 años 8 meses,Asturias,True,1751.45,260.00,1751.45,2051.45
Angela,Jones,1976c73c15d9740539d51a95d297ef776f17459efea434ef9aba80c834c7c7fb,1948-09-19,2023-10-04,602433.25,33 años 0 meses,Islas Baleares,True,1721.24,216.00,1603.51,1903.51
Deanna,Patterson,965722fc302dc6b5f55015ca54cf6509ba7fa5318fe2e241e55e203317cae630,1952-03-07,2023-01-28,483892.77,18 años 5 meses,Canarias,False,1382.55,41.00,810.31,810.31
Paula,Jones,7b6df1f6bfd815571a68617801ea49e8fda897ee3344b4a1a44b9f51650b6387,1951-12-06,2023-01-08,606395.18,36 años 5 meses,Murcia,True,1732.56,257.00,1732.56,2032.56
James,Ewing,521ed28266ebe4c6bcf57b28bbd57baa15c9e9a2863902bfcf6a33e10cd60eea,1956-07-19,2023-10-16,600578.56,30 años 4 meses,La Rioja,False,1715.94,184.00,1494.24,1494.24
John,Byrd,614f9facb2940a537a7bf4a082b24e462911e72f93dda11cb0fdfc74642aa60f,1958-03-01,2023-07-14,588369.15,44 años 8 meses,Extremadura,True,1681.05,356.00,1681.05,1981.05
Jonathan,Durham,b94a39c3f3fd298c4cc79cf602ef005fcbcf7da11747a4a0ee66aa7203d285c1,1957-02-21,2023-01-05,593949.50,30 años 4 meses,Canarias,True,1697.00,184.00,1477.75,1777.75
Ann,Lewis,29249357b30dcff67be3cea9a4bab0189ebdf98e0138bc8c02badb96ff7cc6b7,1949-01-17,2023-05-08,449178.93,16 años 3 meses,Canarias,False,1283.37,15.00,682.11,682.11
Travis,Day,7a2eed10a756a00f76c0e3f68b54aa05f3193eb5443252e2cd84510fe05cdc04,1953-09-30,2023-05-23,597922.68,33 años 6 meses,Cataluña,False,1708.35,222.00,1610.97,1610.97
Kevin,Watkins,9343f707abd3440bb368cf5ce6a798fdba6e65e4095e688cbe4b6490ec3c77a1,1956-06-15,2023-03-08,617386.60,30 años 7 meses,Castilla y León,False,1763.96,187.00,1546.11,1546.11
Donald,Smith,bdb3a3fbb80282de5738096a6e178e16b74fdb20b84ef843e6825a97764ea397,1949-05-20,2023-09-14,588744.86,37 años 4 meses,Castilla-La Mancha,True,1682.13,268.00,1682.13,1982.13
Joseph,French,d6b575f524327a248c3ea92076b9ac776810c1eb67f9b93949eddaf33c13b701,1958-05-24,2023-03-19,615710.55,41 años 10 meses,Cantabria,False,1759.17,322.00,1759.17,1759.17
Alejandro,Hogan,00344c9a7a9bc362247db630b0e4c729b001db71707638c657f294a4c7567680,1949-06-03,2023-08-13,588395.80,26 años 9 meses,Galicia,False,1681.13,141.00,1326.59,1326.59
Kevin,Burns,c69d20edefea0d4589fcd51bbffbf47022036d921a1504c8598f525660bb987e,1957-10-21,2023-04-27,589620.59,28 años 7 meses,Canarias,True,1684.63,163.00,1399.77,1699.77
Amanda,Rodriguez,fd2678248a94b41b997b007217efd78040d71cecbc9c7446c7ade93841e478e9,1951-04-25,2023-01-23,609724.00,27 años 3 meses,Madrid,True,1742.07,147.00,1394.53,1694.53
Beverly,Jones,13bd58e0b1525c13926ba43978d7fc1ff22ba92bec8bce549623b7fef4f002ad,1948-07-24,2023-06-25,586919.32,34 años 9 meses,Castilla y León,True,1676.91,237.00,1629.12,1929.12
Michael,Scott,dccfa692ba33dfe9ed9c8922350070d62258e9703e8b0b20760ec605ac239cac,1951-11-04,2023-04-03,593770.06,26 años 4 meses,Cantabria,False,1696.49,136.00,1322.59,1322.59
Matthew,Johnson,ebfd776209e20e60a5d15817cc90cf4c5934890266462256802ee5797eefff9b,1951-09-29,2023-08-07,585360.61,25 años 7 meses,Canarias,False,1672.46,127.00,1275.25,1275.25
Lauren,Fields,de83ebc752b93dc6757ebd6344f6e6079d64ebf32551b4447c8720ec59e8f44e,1951-11-07,2023-11-20,455443.27,17 años 9 meses,Madrid,True,1301.27,33.00,740.81,1040.81
Sherry,Owens,7ce868068d473ef93a8e772aadbfabaee768ad5092b9157e04db8acc4070e4af,1954-10-30,2023-05-04,421808.59,15 años 7 meses,Galicia,False,1205.17,7.00,620.30,620.30
Robin,Brown,72f8898d9577a40ef3771a226c6039073d957adb774ac8dd7add1533add53c9e,1955-03-22,2023-11-25,425947.51,16 años 9 meses,Asturias,True,1216.99,21.00,662.16,962.16
Rebecca,Conner,ae68b33fa982f18ce6cbbf0762db85153f9a967babb2687340023c17b43d9be4,1953-11-16,2023-12-28,495897.92,19 años 7 meses,Islas Baleares,True,1416.85,55.00,872.07,1172.07
Kristi,Johnson,95b7e050ab961ae01a9ce872f54d511bde55e4092fbc260806fea99342eb85ab,1953-11-02,2023-10-23,561220.98,21 años 1 meses,La Rioja,True,1603.49,73.00,1047.56,1347.56
Jesse,Wilson,4c8722d1a2dabfd939e776ccacc3671e4c63734eb9e5ee31019317215cf28541,1949-06-16,2023-04-14,601979.49,27 años 1 meses,Islas Baleares,False,1719.94,145.00,1370.28,1370.28
Sandra,Dixon,5d8e5ddb0e4ebb478ed8af248508bba9dfa69742754e67e20e8fecb6064c79da,1948-07-13,2023-08-02,540739.22,21 años 0 meses,Cataluña,False,1544.97,72.00,1006.08,1006.08
Andrew,Hayes,a6daeed578f880dcedb6c60d049f9f2269307adba63c5b2e7a247f7ac52ae9a9,1950-11-17,2023-04-15,595906.92,34 años 1 meses,La Rioja,True,1702.59,229.00,1628.20,1928.20
Karen,Calhoun,37fb29e87daf01e7233bbd3e457e2958496df9063efb4e6c92e2bbdca6ebecf0,1958-10-01,2023-02-20,600966.77,41 años 1 meses,Cataluña,True,1717.05,313.00,1717.05,2017.05
Tammy,Barnes,057b92bf0aa4699ff1f010d02cc8b4295f6099b6e7c3b6cfda5619d24df0895d,1948-04-04,2023-08-01,596528.11,34 años 11 meses,Castilla y León,False,1704.37,239.00,1662.26,1662.26
Benjamin,Thomas,5891775770765bd7bee9f906a1c5fdb6b53e646952f7f5ab79173005dcb574a1,1953-11-22,2023-08-05,580051.29,23 años 4 meses,Murcia,True,1657.29,100.00,1176.68,1476.68
Sarah,Hale,bbcb8b5e8fc6ca35bf16c5e59109cad60a69f3c311ea7913e45aa407dbb658e6,1955-03-05,2023-02-25,584616.70,24 años 1 meses,La Rioja,True,1670.33,109.00,1216.50,1516.50
Ann,Wilson,261c9da584b17c65be7227906a7d17b145f206652dba43b86657254c8ddfb53b,1956-07-13,2023-12-03,601389.21,37 años 6 meses,Asturias,True,1718.25,270.00,1718.25,2018.25
Ashley,Cline,ff80eb97fc66ff41b6a97f7839928a3a69671049c78f83094878ba72d02a7bc0,1952-02-16,2023-04-01,586760.34,30 años 9 meses,Andalucía,False,1676.46,189.00,1475.79,1475.79
Sharon,Huynh,0106ab8dc7f1f93c8072308375c6d5e8d31b6f9dcc784fb02aa4bb78251bb7f3,1955-12-18,2023-10-01,595767.53,27 años 2 meses,Andalucía,False,1702.19,146.00,1359.38,1359.38
Kendra,Bailey,6f78d69093532d531085b2c2312031bfde17327f6b570adb3d517a4c7e7cb954,1952-05-15,2023-05-05,547373.87,22 años 10 meses,Madrid,False,1563.93,94.00,1090.68,1090.68
Nicholas,Williams,9c54dbc45ad8750103a104ae88864d8ef7693bcc639366cbceb9e108ecccd02f,1952-10-02,2023-04-03,597416.37,37 años 0 meses,Canarias,False,1706.90,264.00,1706.90,1706.90
Shelia,Scott,5b2a1cd8b91a5128dbc2fc25014ac3deebf83803565aba1aef4435e9b18b7dd2,1948-04-17,2023-12-17,597318.47,30 años 4 meses,Extremadura,False,1706.62,184.00,1486.12,1486.12
Nancy,Freeman,8206508acdeebac6b39f59fbf22ba9e51ffac90bec9d8156dbd8259d6e115ead,1948-12-08,2023-03-11,454619.51,16 años 4 meses,Murcia,False,1298.91,16.00,693.10,693.10
Joseph,Young,43d49144804d618cf4298e66871e073772646be56f27b5203593428bf9dae9dc,1954-02-24,2023-11-03,479029.13,18 años 9 meses,La Rioja,False,1368.65,45.00,813.66,813.66
David,West,7e9224715065ba53dc24bc460679ccbf2e1cf16ff6cb5ba73f07bc4b83ff60f7,1956-07-08,2023-10-21,596424.90,32 años 9 meses,Asturias,True,1704.07,213.00,1577.81,1877.81
Cathy,Rodriguez,1c0163639567a6d276c9d2c8c8bb6832528438193f85fb62a772735476fa5ec1,1956-07-04,2023-10-01,484002.90,18 años 11 meses,Asturias,False,1382.87,47.00,827.92,827.92
Karen,Daniels,1d9a05710c5f5e9ca871458f4eaeaf2a31b24656a3d9292bbce0232d436cb262,1954-09-05,2023-11-08,586306.26,30 años 1 meses,Galicia,False,1675.16,181.00,1449.18,1449.18
Christian,Hoffman,c08616443f50228351c1143b74dfeb10c82fa8f36856f5f43a87bc5502137564,1955-05-23,2023-03-16,605732.14,34 años 6 meses,Islas Baleares,False,1730.66,234.00,1671.47,1671.47
Vicki,Campos,ef14b36a282b01b37c60a7df3bdefcee25a1b4819410d87ef3195bad8c761fa1,1950-07-16,2023-12-05,600598.90,28 años 10 meses,Murcia,True,1716.00,166.00,1435.60,1735.60
Jorge,Wilson,5063cb4191e1c15c2477a134fe0acfdac364e9dbb883bd8a98f1f114f41a64a8,1950-04-06,2023-09-10,594308.44,23 años 0 meses,Cantabria,False,1698.02,96.00,1191.33,1191.33
Christine,Smith,f1088944b229f2e546fa9ae99eed964e3434a7979ab707f5bfc937a488a3ea4f,1953-01-18,2023-02-02,596353.27,36 años 4 meses,Islas Baleares,True,1703.87,256.00,1703.87,2003.87
Sara,Doyle,712975125e54f18562463d5264000dab43250bdc452d1d69354b778f8630f87a,1957-06-22,2023-04-05,458375.70,17 años 10 meses,Extremadura,False,1309.64,34.00,748.33,748.33
Christopher,Jones,a91ec397dfc1cbd29bc11ea358e75a15281c60f23cae612f5fdb2377b663a461,1954-07-02,2023-07-10,552579.89,21 años 8 meses,Asturias,True,1578.80,80.00,1054.64,1354.64
Phillip,Morales,34107e4fd74ba006bb221e5740610a288975a96249e8a807fad2bf2dde1dc0c8,1958-05-29,2023-03-05,618287.53,41 años 2 meses,Castilla-La Mancha,True,1766.54,314.00,1766.54,2066.54
Amanda,Benson,5c712ce693d9b3dfb0a06ca4bb5ca953171763902a3044271df5b74f3bb7bd8c,1956-05-28,2023-03-24,526450.50,20 años 9 meses,Castilla y León,False,1504.14,69.00,970.02,970.02
Brandon,White,1dea63a64056c6b1b36e193325ba5f962ff69bbdd0194b874debdeeef3bfb913,1957-12-27,2023-09-18,584379.46,45 años 6 meses,Comunidad Valenciana,False,1669.66,366.00,1669.66,1669.66
Kristine,Hardy,66b16a36460fa5d86c4ba760cd7b7412494fd67179b05d0cfcb5f1553771a096,1958-10-12,2023-10-20,614196.50,44 años 8 meses,Galicia,True,1754.85,356.00,1754.85,2054.85
Brittany,Monroe,983bf74a07c6088f699e17ac8bbab70cb5cae07e38876e0fb254aa98f78bd518,1954-07-11,2023-01-08,619145.75,25 años 5 meses,País Vasco,False,1768.99,125.00,1342.13,1342.13
Hunter,Bowen,829aa60f1cbc3021dfffbc0debd1ec54e8799093574eb1cd59e193fb337fb0fb,1958-08-25,2023-01-06,608532.79,42 años 9 meses,Asturias,True,1738.67,333.00,1738.67,2038.67
Melissa,Guerra,4f7881d35807cfb8ef2ecd62deadc3cc2f46620e92987a2ee1cd2d7ce7fc4c63,1951-03-28,2023-07-24,627609.77,25 años 11 meses,Aragón,True,1793.17,131.00,1380.93,1680.93
Aaron,Costa,1b8350cee7392b0b17004edc334a0c5bc642f0e47df04b54ad2590b048814916,1955-05-05,2023-12-09,558916.90,21 años 7 meses,País Vasco,False,1596.91,79.00,1063.38,1063.38
Christopher,Werner,76110edfa25077f345b71bfda9d1c40d4e410d9685434c9bd3663a121ba40f57,1950-08-11,2023-10-02,603878.57,35 años 7 meses,Extremadura,False,1725.37,247.00,1708.98,1708.98
Meredith,Andersen,9e7d835d00979bcd948a49fb4bd9c7fbfe2d2ebec43e57d4d9a3424ac3721176,1957-12-08,2023-08-20,608115.65,38 años 7 meses,Islas Baleares,False,1737.47,283.00,1737.47,1737.47
Thomas,White,cc17039f92ac316bfa4ce6e48e023a4b1ae2a6d0ffee324247f643d1307f15c2,1953-11-16,2023-07-11,593010.63,27 años 10 meses,Andalucía,False,1694.32,154.00,1378.84,1378.84
James,Hernandez,2ed0bc9ab700b9f760121ec4c381683c4ed6e3d581943218a0780b046d1f5218,1957-12-20,2023-06-22,601637.67,43 años 5 meses,La Rioja,True,1718.96,341.00,1718.96,2018.96
Madison,Martinez,c768cef535efec825642c93e31f4b429216069848d8cfe8ce9720752c61cc701,1951-03-22,2023-09-23,600498.85,31 años 9 meses,Castilla-La Mancha,False,1715.71,201.00,1549.47,1549.47
Jeffrey,Rodriguez,8cd6f16a45a4e27055c1898215ce5af0dc24ce5a20b2db7c1af23af65c5f9420,1955-10-12,2023-07-20,600365.93,29 años 10 meses,Islas Baleares,True,1715.33,178.00,1474.15,1774.15
Stephanie,Decker,d2f46ee4cce665deb8f79121e90367da3e40579d2c205b521958357872eef130,1954-09-13,2023-08-14,610097.17,31 años 0 meses,Comunidad Valenciana,True,1743.13,192.00,1544.41,1844.41
James,Stewart,6d3e9d329141205bf006663650b616a60eaac5c8603c2e1293035730f170d1ee,1958-07-20,2023-12-12,591405.70,43 años 8 meses,País Vasco,True,1689.73,344.00,1689.73,1989.73
Alicia,Brooks,7c063d25c71d2190d391f97cad6b288ff29c893d9b5644385aa60f3db6dfb91a,1956-01-21,2023-03-18,564748.77,23 años 9 meses,Castilla-La Mancha,False,1613.57,105.00,1162.58,1162.58
Jack,Cox,f5a937432cb0d8e59daf0b1b38b89ef0756aa6d4501fad9e7ad27ff72a5e6d4e,1953-01-25,2023-11-12,608553.80,27 años 0 meses,Castilla-La Mancha,True,1738.73,144.00,1381.94,1681.94
Donald,Juarez,88631291fc44fbec4d54546d5eccf0c0fb828a64c0eeed96aace758e1190e399,1951-07-14,2023-06-04,495094.27,18 años 5 meses,Murcia,False,1414.56,41.00,829.07,829.07
Kimberly,Macdonald,a3e303e63d41af36f4d2d31efb635d3013343c6e8f54f92cdae6478788e66128,1958-09-19,2023-04-12,604495.33,43 años 8 meses,Asturias,True,1727.13,344.00,1727.13,2027.13
Jermaine,Russell,f4c2f8d1005aa67f9cca05d427b34430d6c00e6c966a8701c6017ab9f00c61c4,1958-05-23,2023-05-14,597049.50,43 años 1 meses,Navarra,True,1705.86,337.00,1705.86,2005.86
Joseph,Peters,660406e2acb1aa674da3f829fdda8243b6caa513ee69614b78888bd7b3435015,1958-03-27,2023-02-24,594207.84,42 años 3 meses,Murcia,True,1697.74,327.00,1697.74,1997.74
Eric,Beck,91f6ef40eb71084ead499eeb22df17eb40865861f842e0a7b8b0a681c3a7134c,1956-07-17,2023-09-21,533323.76,20 años 4 meses,Cataluña,False,1523.78,64.00,966.69,966.69
Keith,Manning,8a2f570c688253e3e02e8196aefd67eaa58530fa805d42f3a2471212ded37f7b,1958-05-27,2023-04-04,589424.57,40 años 3 meses,Comunidad Valenciana,True,1684.07,303.00,1684.07,1984.07
Allison,Nelson,5c73cb077e084b96131f705fe90b9b2f7c33a9bf8e752667905bc545e411e5dd,1958-09-05,2023-09-09,574179.77,42 años 4 meses,Castilla-La Mancha,False,1640.51,328.00,1640.51,1640.51
Jesus,Cobb,83c30cf43401f2b45454314a7dc48fa81ea403d566e9ce25eda42fa063c6b671,1955-10-20,2023-09-22,570731.94,24 años 11 meses,Castilla-La Mancha,True,1630.66,119.00,1218.59,1518.59
Corey,Cunningham,85e891149f0bb2aa0146a866972cf98aead771bf6d9e63e8e70b4b391f0332c4,1948-06-22,2023-01-24,580796.99,25 años 5 meses,Navarra,False,1659.42,125.00,1259.01,1259.01
Madison,Allen,a4458c0d76bcad12b792219a3ebe09ce3713c267068d2491896a8008784a63e3,1957-07-20,2023-02-23,508499.94,19 años 4 meses,Cantabria,True,1452.86,52.00,885.08,1185.08
Pamela,Miller,1cff5d1e99934e97d8b305ea65c5faeaaaaf46e9b399282b2394824290b9e853,1953-05-13,2023-08-22,603207.88,28 años 11 meses,Aragón,True,1723.45,167.00,1445.12,1745.12
Monica,Mccullough,49001c9e104c9193fcad083ccb6bc9aab72ab207292af8b48f05d504c2acd8ef,1957-12-31,2023-04-02,610893.33,38 años 7 meses,Asturias,False,1745.41,283.00,1745.41,1745.41
Amy,Jimenez,aa1d7e907e9c5ad88fae778f32d6b97538456cc68b5c03854efb59be8ab06748,1958-10-28,2023-08-15,572373.01,42 años 11 meses,Extremadura,True,1635.35,335.00,1635.35,1935.35
Paul,Boyd,7090baafcfd59eba4c0047b00cf57fb9264d98d7771a57acd3ecb3ed426c3629,1958-06-20,2023-11-13,618006.83,44 años 6 meses,Islas Baleares,True,1765.73,354.00,1765.73,2065.73
Ashley,Peterson,4f2df669956e009c15653d3ccf248710865d03195bdef1b3a88e4251dd31cde0,1951-11-15,2023-12-14,584425.16,24 años 3 meses,Comunidad Valenciana,True,1669.79,111.00,1222.45,1522.45
Mark,Moran,3b9e24209a163892a50d1aa4dbb72bec7d81ea9ed0c9429e996a59e48aa98f0f,1950-03-01,2023-05-02,452246.89,17 años 11 meses,Extremadura,False,1292.13,35.00,741.04,741.04
Timothy,Greene,af1e897c3dc07e87e5273a242eb664404ebdbe7ad249f25394b4302a8bee82f8,1951-04-23,2023-01-03,521775.39,20 años 10 meses,Castilla y León,True,1490.79,70.00,964.54,1264.54
Kevin,Glover,9e8290daca2ce555c8893ae5486c5cf88dade092dbcead546771916c7451919b,1947-12-26,2023-01-27,486918.54,18 años 1 meses,Cataluña,False,1391.20,37.00,803.70,803.70
Michael,Novak,f5886e4e56a3c7dac2e7f1d3f97ac6c9beea42a32fdf74d34fd5531ae3e0f874,1954-09-02,2023-12-02,567829.94,22 años 2 meses,Comunidad Valenciana,True,1622.37,86.00,1104.19,1404.19
Rebecca,Compton,9fab4b11fd7c097503cc6b9da1611a135f48d081f7768bd50b608ddebf7d5ad7,1951-11-29,2023-01-11,412528.72,15 años 10 meses,Comunidad Valenciana,False,1178.65,10.00,614.08,614.08
Craig,Williams,b1642b78e7de476e1fd3f41b15374a0011a3d50cdeb9832b3a0f3da5dde406b0,1956-11-06,2023-09-03,602472.13,33 años 8 meses,Andalucía,False,1721.35,224.00,1629.78,1629.78
David,Miller,ec2257a3e440b9fbaf683e04eedd218550d4c686772f6bd6e575fcc80778c6b9,1958-08-24,2023-06-10,599473.81,42 años 10 meses,Aragón,True,1712.78,334.00,1712.78,2012.78
Summer,Cunningham,8f5839b18b812b0431f0d7e235ef6191ee43a92f5aaf5b54dca605534e7f4fb4,1954-07-08,2023-04-10,450840.42,16 años 4 meses,Castilla y León,True,1288.12,16.00,687.34,987.34
Melinda,Smith,c5d033fda49446de8aa24c8d876553d10d0a1615456f4d52ba4ee4c155e56d59,1952-02-27,2023-10-04,468637.46,17 años 3 meses,Murcia,False,1338.96,27.00,745.40,745.40
Aimee,Clark,61c21f6b48ac273203401a9121dd7b1baf21974d6e4fab0109646e08d9e7b123,1954-01-21,2023-05-24,445787.51,16 años 11 meses,Asturias,True,1273.68,23.00,698.36,998.36
Sara,Mora,4f37ddccfe58f2e309746a70afa0b351669ab18255a148c15849e6a9fe258f6a,1953-10-25,2023-02-28,589656.14,26 años 5 meses,Cantabria,True,1684.73,137.00,1316.62,1616.62
Morgan,Jackson,a6a5e5f44bb86def5a4d0f5fcd9cc8b5aa7f1567977dc22f86be94e24c741d2f,1952-05-19,2023-10-24,457503.90,16 años 3 meses,Navarra,False,1307.15,15.00,694.75,694.75
Angelica,Norris,5c149679e2473feae90a43a5103fc2f15657ed2b98c61558938c6117f92cedfe,1950-12-14,2023-11-03,555474.73,23 años 9 meses,Castilla y León,False,1587.07,105.00,1143.48,1143.48
Jared,Lowe,6677b32a9f629f18393c1daa2012c55494a3276491ea66bf354f36da517b7bbf,1954-05-25,2023-03-08,595000.79,30 años 2 meses,Asturias,False,1700.00,182.00,1473.90,1473.90
Curtis,Carlson,8702ce666b9a548d28b4f5d921b7009734ae9eb8fd7b19e64d5498aeae9530a9,1958-10-07,2023-02-27,596352.96,45 años 8 meses,Cantabria,True,1703.87,368.00,1703.87,2003.87
Whitney,Lester,c62a755a4f7f34ff97e673e8dae7247a6bdffa124e56fac16abd4d3b2dc3caac,1948-05-20,2023-07-07,585790.60,32 años 11 meses,Andalucía,True,1673.69,215.00,1556.03,1856.03
Catherine,Thompson,39b29ced7f4008a3edbbbeafdb576dfc66bb2aae9d2d3a39bf83833d75e1bd79,1958-06-08,2023-08-13,599168.60,44 años 4 meses,Castilla y León,True,1711.91,352.00,1711.91,2011.91
Timothy,Coleman,e0de78d312dc13b22d22d8adaca7a37f321ccba5f8ec7d001d023304a0917b7a,1958-06-01,2023-05-17,596958.08,41 años 11 meses,Cantabria,False,1705.59,323.00,1705.59,1705.59
Crystal,Walker,a2ceed202c5efc2c31e9b22db511e12d3cea9e5c2a6db91c55f028da8c6d0442,1952-03-31,2023-05-23,506624.51,19 años 9 meses,Cantabria,False,1447.50,57.00,897.02,897.02
Linda,Hull,2821c5a647f86117dcc304dc7c9224a962509345aaf58ef633cabcd46b56562f,1955-01-09,2023-12-13,445868.99,15 años 8 meses,Extremadura,False,1273.91,8.00,658.36,658.36
Taylor,Randolph,2aee8f2c46f41a68ec6dbf68a2fca522686f83cdc2ea3fac3fd1950aadd3135a,1958-07-20,2023-12-19,608409.14,38 años 9 meses,Andalucía,False,1738.31,285.00,1738.31,1738.31
Betty,Jones,d68da84c53d2dee229b4694ef5cb102afe3f86d663ef19bc818e2badbfe86436,1949-01-10,2023-11-25,586288.27,27 años 11 meses,Canarias,False,1675.11,155.00,1366.38,1366.38
Adam,Anderson,3106990f8d812285872cca67dad968bec189c02164cd48c02db87644eb6a77d2,1958-08-01,2023-10-21,600583.05,40 años 5 meses,La Rioja,True,1715.95,305.00,1715.95,2015.95
Christopher,Holland,80192533f4241db84974380ea6b86b8a7d925c42d3910ab715ff02a5c33e1a8c,1957-12-30,2023-02-28,594846.66,38 años 4 meses,Cantabria,True,1699.56,280.00,1699.56,1999.56
Jonathon,Knapp,208425b081400e8bb920dc6b9b15197c34333f27d6e2c5a14ab138315935a428,1948-03-20,2023-02-05,589244.71,31 años 2 meses,Extremadura,False,1683.56,194.00,1498.03,1498.03
Matthew,Hancock,a59c35209b3de950ff4d6aa9258aa31766be6d89e01c9caa45256feed7d76ab0,1957-09-20,2023-10-07,608833.09,34 años 0 meses,Extremadura,False,1739.52,228.00,1660.20,1660.20
Matthew,Brown,c5cd959986ba496beac0c1855b754746a9570d6894ef1530aac198a3b12d9b7b,1948-12-28,2023-06-10,475371.15,17 años 5 meses,Canarias,True,1358.20,29.00,761.81,1061.81
Patty,Sullivan,4579e72a9bb857c0078b43d514fa858982c869f33835f2f757ec27c3311ac090,1954-02-27,2023-05-15,587674.64,37 años 6 meses,Navarra,False,1679.07,270.00,1679.07,1679.07
Aaron,Woods,ef394837dd3d485f25bb49dfe8a818457148c8d54e748ab482d0a46b61e69cee,1958-01-05,2023-08-02,599142.63,42 años 6 meses,La Rioja,False,1711.84,330.00,1711.84,1711.84
Brenda,Miller,91d7fb40c81b18d6e5e667952d3725c8a665be9c20208c0bcc0b397ebce25024,1947-11-18,2023-02-12,588988.41,36 años 4 meses,Canarias,False,1682.82,256.00,1682.82,1682.82
Ashlee,Estes,4009060b5224c2b66855b6a6bf3c58703dcc351f9a7f7fb48f093379da0f23d4,1953-12-25,2023-11-24,567261.05,23 años 6 meses,Canarias,True,1620.75,102.00,1157.54,1457.54
Adam,Brandt,6f2b717a341e7ee9ee59e9751536f7b30aab982dd5426ae3b706e45cbf3b515a,1955-01-11,2023-10-06,614474.15,30 años 7 meses,Murcia,False,1755.64,187.00,1538.82,1538.82
Phillip,Russell,65391bc1fb254ddea86c85072dc3732d4ce52a7164604ecf560fe2aed2c57fce,1952-08-11,2023-07-25,450676.28,16 años 8 meses,Islas Baleares,True,1287.65,20.00,697.91,997.91
Jesse,Rodriguez,9f3315cb7d5639d28a3c22f22ef2d7b11a87a98326eb4b685a3a21f3cc8555d0,1956-05-16,2023-01-10,444340.56,16 años 5 meses,Aragón,False,1269.54,17.00,680.09,680.09
Pamela,Brock,92090dd8529f03c125073f0e5258962598b3bb37a8495d51c1b698a706e81019,1949-06-11,2023-04-10,570461.54,23 años 4 meses,Comunidad Valenciana,False,1629.89,100.00,1157.22,1157.22
Jackie,Carson,8108086a9ddcfb95100566834653e94ef385dfac2ba30d7caf9fe724648827f0,1951-09-18,2023-02-28,607300.96,30 años 1 meses,Madrid,True,1735.15,181.00,1501.08,1801.08
Jacob,Tucker,93595d0c7f9392d5e0998dbd23e8d064c36df7ce087f03a10fd72367d2a30147,1949-02-04,2023-04-03,485995.19,19 años 5 meses,Madrid,False,1388.56,53.00,848.83,848.83
Samuel,Brooks,55752c997450b95edd08252e9dc417976e2464ef179764f17bd6c47dd5ece176,1957-08-15,2023-01-08,598802.12,31 años 5 meses,Andalucía,False,1710.86,197.00,1532.08,1532.08
Melissa,Robbins,c970adead6a069e2b3e89f7bbf122cd43601e2a788e22a32b9b280f4c7981d05,1953-10-24,2023-02-20,460405.59,17 años 5 meses,Asturias,False,1315.44,29.00,737.83,737.83
Michelle,Burns,8623d8f9bf6d80e0b34dbefb305220fcb6164c87eccf67d1bb402b53de744c1b,1948-07-09,2023-06-09,598359.88,31 años 0 meses,Aragón,True,1709.60,192.00,1514.71,1814.71
Mario,Diaz,5ce0d02fb183b16d026f839843e6b91281e5b36eff07ce3252df0cb9de45854d,1958-10-10,2023-02-22,618097.08,43 años 2 meses,Navarra,True,1765.99,338.00,1765.99,2065.99
Maria,Hernandez,e6869cf86f7a6d124f0e3910bb9bf084906f72a97d0195188647df1b188849ae,1949-05-05,2023-06-21,446530.40,17 años 9 meses,Galicia,True,1275.80,33.00,726.31,1026.31
Tyler,Clark,9321c83fc235793998569e3561b467a11cc68ffb07a9e8b6ccd22d9e5ae3faa0,1953-12-21,2023-10-05,464991.64,17 años 4 meses,Navarra,False,1328.55,28.00,742.39,742.39
Brian,Lee,f335100362209a30b3ed6b559cd54eeaa793a0faf59ef9449088be11d1a0bb12,1957-09-15,2023-10-10,507657.83,18 años 0 meses,Cantabria,False,1450.45,36.00,834.88,834.88
Helen,Johnston,42b547c676e74700de985aa7f3ea0a8aa2745ad9ddb5f41d49300daf2ec289e7,1958-08-10,2023-02-14,594840.08,41 años 10 meses,Madrid,True,1699.54,322.00,1699.54,1999.54
Carly,Mclaughlin,da992a54466c47842e42be7dfd4983ce6555480ab76d88b2ba257c4f35040b23,1957-12-19,2023-10-18,586501.61,42 años 5 meses,Cantabria,True,1675.72,329.00,1675.72,1975.72
Jordan,Macias,4b732c2ad7e53d93e8aa723985d9530ab842961aaa2084919d2897ec6adc35e0,1951-05-05,2023-03-16,483640.60,18 años 10 meses,Castilla-La Mancha,True,1381.83,46.00,824.40,1124.40
Elizabeth,Brennan,43a1dece30f657dfdd75f119e89ee9a7334b679bf3e53e2cafc1a8602b360370,1957-12-19,2023-10-15,596839.07,40 años 2 meses,Murcia,True,1705.25,302.00,1705.25,2005.25
Christopher,Nelson,4d831cedc9b3aa089af9aad2fdf77d8840c990ea9f9aae6452222caf4c61ccd3,1950-02-07,2023-10-22,604643.22,26 años 6 meses,País Vasco,False,1727.55,138.00,1353.37,1353.37
Natalie,Morris,36380fc53aaf6875323f113c7ad7011ee62221320ef2aa177faf019d13ac15ea,1958-03-14,2023-08-07,602114.79,37 años 9 meses,Andalucía,True,1720.33,273.00,1720.33,2020.33
Steven,Hernandez,4f27b9bf7fecae0719e37d54631e77b06f00e38e8b83a1aebbfec7bcd1e616de,1953-11-26,2023-06-19,594424.69,30 años 10 meses,Asturias,True,1698.36,190.00,1498.29,1798.29
Sara,Callahan,ad4337b8a177bb914159db1ae59d6ea53a26a6332a7065b7c22c2728b5982a33,1954-10-28,2023-12-03,514305.85,20 años 7 meses,Cataluña,False,1469.45,67.00,941.48,941.48
Shari,Benton,8c46c0b97d66e5a8fe73b3a129ae44d9b58faabf0167800c24c5b9873265ae70,1953-10-20,2023-04-17,585279.72,34 años 0 meses,La Rioja,False,1672.23,228.00,1595.97,1595.97
Kristen,Gibson,37a934c04f9fff04a4714852243e8fd796f085c2eb63b334f4396d3f7eea0cec,1955-09-20,2023-03-16,595321.18,35 años 1 meses,Canarias,False,1700.92,241.00,1665.37,1665.37
Lisa,White,db340f1e3bd74751d500d107e361e13998f329474b2bfc4269f7de7269ffb04b,1958-07-18,2023-05-01,610855.06,45 años 6 meses,Extremadura,False,1745.30,366.00,1745.30,1745.30
Steven,Mccarthy,806c8c8b5271f081b7588c6d0b99bbdacb58c7cff23dd0219684c0954233f0ff,1948-06-02,2023-12-22,491588.31,19 años 8 meses,Islas Baleares,True,1404.54,56.00,867.44,1167.44
Paul,Fowler,d1e2f480422cdfc57b3ee001d79d39c408b7eab37aa34f1c252b31c5de067dfe,1957-02-21,2023-08-18,551049.18,22 años 9 meses,País Vasco,True,1574.43,93.00,1094.70,1394.70
Erika,Brown,ac4bc7d73f33b14ee967198a0d761349abe352e9c0c07dc3b03d07b6b4e3925f,1952-04-07,2023-08-23,603542.85,33 años 2 meses,Islas Baleares,True,1724.41,218.00,1613.01,1913.01
Kimberly,Reynolds,91473fe88918d2080380c49c58aeeb5ad6414920852417fcf4d7fd9ac7ad5897,1951-04-17,2023-05-15,595698.04,31 años 11 meses,Aragón,False,1701.99,203.00,1543.54,1543.54
Anthony,Henry,baf0c172a98f1e49837771f4ee3ede2a435a5d1d54e87d68af495c4ce1add960,1958-02-01,2023-12-13,608605.61,39 años 0 meses,Galicia,True,1738.87,288.00,1738.87,2038.87
Christine,Ellis,d58fdf2f4f8d763582dc9ab60379a4ba69ad27cbe635baca0d536afac0da1bb4,1957-06-03,2023-11-19,604680.76,28 años 7 meses,Cataluña,False,1727.66,163.00,1435.52,1435.52
Michael,Hicks,e42400f60a9e43d20c95eba7eb8ac0c4e19dd15897055703357e37e8fed9b0e2,1950-10-15,2023-04-24,606649.37,37 años 3 meses,Asturias,True,1733.28,267.00,1733.28,2033.28
Matthew,Sanchez,30f851f174741369978dc06d0e7e81bc5972387806975fe0c65e974db07c4152,1956-11-23,2023-10-15,547744.86,21 años 2 meses,Castilla-La Mancha,True,1564.99,74.00,1025.69,1325.69
Thomas,Castillo,d86a481f410c62d1a486bc82f771e6a00cc570198e741d8d0fd8de3c6196eb7d,1952-07-07,2023-03-14,590881.13,27 años 10 meses,Canarias,True,1688.23,154.00,1373.88,1673.88
Bernard,Bush,22b1a533d316121fe4f1184ae7b893e443088c31a765579060d566b3c16e5d80,1950-07-17,2023-07-04,548789.96,22 años 7 meses,Navarra,True,1567.97,91.00,1083.62,1383.62
Lisa,Hartman,b3af07e2aeed1771592d375625f8980e862b21e86ad25420326c86eec9529c1e,1950-08-30,2023-05-10,595180.02,37 años 3 meses,Cantabria,True,1700.51,267.00,1700.51,2000.51
Madeline,Valenzuela,d86795b2e7fb51d7fa63c910873187b3ae97b1d29dfb950163c853508bea2be1,1953-04-09,2023-06-19,560609.05,23 años 1 meses,Islas Baleares,True,1601.74,97.00,1127.14,1427.14
Ricky,Jackson,e50f1f482efb3a7af62c2f887d61843e8cd8a5d7c1efd3eba95fc398cb375f35,1952-06-06,2023-07-23,588939.34,29 años 1 meses,Comunidad Valenciana,False,1682.68,169.00,1417.32,1417.32
Bridget,Johnson,539fc35491087c46c74856ab543828c20d58b76eb967a22ad98a4a4976c6c266,1954-09-24,2023-05-08,450225.80,15 años 2 meses,Asturias,False,1286.36,2.00,648.58,648.58
Mark,Moore,ee1277c13d88f314e5101377419a8c93e592f7cac19a831c65bda050df0f3707,1952-03-27,2023-07-14,432583.91,16 años 10 meses,Comunidad Valenciana,True,1235.95,22.00,675.08,975.08
Andrew,Brown,7ee9ed67d403eec5f2c7ba37c8ea3566b31d7a55d24247d4acd7741784508148,1958-01-03,2023-02-14,615090.29,39 años 11 meses,La Rioja,False,1757.40,299.00,1757.40,1757.40
Judy,Moore,eeca8a5b92cde0f06aa298fa3ff8511632217b4bbb6bd6dc6f581f03336602f6,1949-03-08,2023-03-04,577579.22,37 años 1 meses,Castilla y León,True,1650.23,265.00,1650.23,1950.23
Brandon,Jones,27141deba1a14f5dea75a0723dec019afea57e8e53fc48aeaee341c5f9b06287,1949-06-14,2023-06-13,510567.66,19 años 3 meses,Cantabria,True,1458.76,51.00,885.61,1185.61
Robin,Williams,3cca680a1d1982ff3041ab33e232fed151b17c9a50ea25d062e42af24b977a24,1953-06-30,2023-09-16,611239.49,33 años 5 meses,Canarias,False,1746.40,221.00,1643.54,1643.54
Andrew,Martinez,018fb8571461a3de23e512614726ed9f7194b336f16dcb7030717093664d98d2,1957-04-26,2023-11-08,591364.62,34 años 6 meses,Extremadura,True,1689.61,234.00,1631.83,1931.83
Lisa,Nixon,e83fe456f5a7ba5d405a73ce28e1cd2578575a47345f36ea5a1973bdb130547a,1953-04-27,2023-05-21,491822.29,19 años 11 meses,Galicia,False,1405.21,59.00,876.71,876.71
Donna,Hernandez,5687dd60a6b3572eab2bc492042db6b7f4541428b7c1217511063d2dca35a7ae,1956-08-09,2023-02-13,608875.62,28 años 10 meses,Aragón,False,1739.64,166.00,1455.38,1455.38
Eric,Miller,58bb7f155f1cfaebe99648834b0bf9507bd253e94c72d648ef81e71347c16ed0,1958-07-22,2023-03-08,599938.95,42 años 9 meses,Canarias,True,1714.11,333.00,1714.11,2014.11
Fred,Bowman,eb1469c683b634dcba86c0065dbeec67168307d2ce9ed30459b9e3d0599df52a,1949-11-11,2023-07-02,597572.31,25 años 10 meses,Murcia,False,1707.35,130.00,1311.59,1311.59
Molly,Adams,5b191648c351ba4bfec06865726bc4c7579fab2265c71efd9dbb7835a8f50595,1954-07-06,2023-04-20,609324.11,36 años 10 meses,Cataluña,False,1740.93,262.00,1740.93,1740.93
Julie,Green,d1eb216f16fc11c6c3dd73f24a064c7ebb94ffa391ece9062b5f4482cfadfeaa,1950-04-11,2023-04-02,426446.64,15 años 6 meses,Madrid,False,1218.42,6.00,624.56,624.56
Kathleen,Thomas,39aae18f1459131831fe35f957904316d89e334de6bd42b644bf741b62d39dc3,1955-03-01,2023-05-02,619339.98,34 años 8 meses,Extremadura,True,1769.54,236.00,1715.75,2015.75
Brandon,Lee,8f08f27cbfe646ea42e2e7e70317a0983acaf4bd7e1dabc2f6c9b1053f289fbc,1952-06-26,2023-10-26,598446.61,32 años 5 meses,Navarra,False,1709.85,209.00,1570.15,1570.15
Michael,Spencer,d3ae8b55b04f87541319e84e43da81d16d86d8ba9857ed3efe4c055cb1e4d666,1958-08-17,2023-07-26,616711.76,40 años 9 meses,Cantabria,True,1762.03,309.00,1762.03,2062.03
Troy,Sanchez,d1dbc82b9ca28d3da7145a2c6135f798a59b32789323f8a7938ebfab15ab311f,1950-01-30,2023-05-27,596185.15,27 años 10 meses,Islas Baleares,True,1703.39,154.00,1386.21,1686.21
Adam,Collins,86bbf8316a3a0db77c1faa4aff0b4675be1bc7638b6daff05996f831de0bb77a,1958-10-11,2023-06-09,594725.82,41 años 9 meses,Comunidad Valenciana,True,1699.22,321.00,1699.22,1999.22
Kimberly,Herman,d764338d39a2afe53f8e2d7f5534d30694793790b8842cd393e26472ba16a395,1952-06-23,2023-10-07,602357.87,36 años 1 meses,Castilla-La Mancha,False,1721.02,253.00,1721.02,1721.02
Angela,Montes,b24bca85dd8f1de91657f51991dbcc598d78a3dfdb3dfbfc10308bac359498c2,1957-11-08,2023-10-12,590204.28,42 años 5 meses,Cantabria,False,1686.30,329.00,1686.30,1686.30
Peter,Watson,dde82c405232d73f4b393fd0c93d289c53d62d11a90fd93e6d5a22728c75170d,1951-08-03,2023-04-28,611651.33,28 años 3 meses,Islas Baleares,False,1747.58,159.00,1438.78,1438.78
Kimberly,Brown,abf567bbb08f0a9f3143d2edf04d5d5f7a0d4b868e68e88046c2e224eade0723,1949-11-16,2023-07-21,591227.56,31 años 11 meses,Navarra,True,1689.22,203.00,1531.95,1831.95
Shawn,Lewis,f0ea4ef894fbc91a3767f1e63bdc9ef1e7093f9bb88cf5fd5f9333275602b764,1958-05-11,2023-09-19,605103.51,44 años 4 meses,La Rioja,True,1728.87,352.00,1728.87,2028.87
Robert,Adams,671a04e69f7d5a5eeb9dc643f754113610222205e7771b0d02ba5ab17d9ccc81,1955-12-15,2023-03-25,560748.37,23 años 2 meses,Madrid,True,1602.14,98.00,1130.79,1430.79
